,file,label,x0,y0,x1,y1,x_norm0,y_norm0,x_norm1,y_norm1
0,data\kanade\cohn-kanade-images\S005\001\S005_001_00000011.png,3.0,216,74,528,418,0.33850092,0.15130988,0.8257955,0.8535553
1,data\kanade\cohn-kanade-images\S010\002\S010_002_00000014.png,7.0,262,89,504,444,0.40958658,0.18334037,0.7876953,0.90623385
2,data\kanade\cohn-kanade-images\S010\004\S010_004_00000019.png,1.0,266,95,505,430,0.4170364,0.19442728,0.7903688,0.8778435
3,data\kanade\cohn-kanade-images\S010\006\S010_006_00000015.png,5.0,261,93,509,419,0.4082708,0.19127268,0.7957983,0.8552249
4,data\kanade\cohn-kanade-images\S011\001\S011_001_00000016.png,7.0,259,81,517,447,0.40623176,0.16540849,0.80793893,0.9130471
5,data\kanade\cohn-kanade-images\S011\001\S011_001_00000001.png,0.0,259,81,517,447,0.40623176,0.16540849,0.80793893,0.9130471
6,data\kanade\cohn-kanade-images\S011\002\S011_002_00000022.png,6.0,264,94,518,420,0.41294914,0.19349906,0.8108564,0.8590876
7,data\kanade\cohn-kanade-images\S011\002\S011_002_00000001.png,0.0,264,94,518,420,0.41294914,0.19349906,0.8108564,0.8590876
8,data\kanade\cohn-kanade-images\S011\003\S011_003_00000014.png,4.0,255,90,513,406,0.3986422,0.18503192,0.8023468,0.8292625
9,data\kanade\cohn-kanade-images\S011\003\S011_003_00000001.png,0.0,255,90,513,406,0.3986422,0.18503192,0.8023468,0.8292625
10,data\kanade\cohn-kanade-images\S011\004\S011_004_00000021.png,1.0,263,95,522,409,0.41106218,0.19543642,0.81608063,0.8356121
11,data\kanade\cohn-kanade-images\S011\005\S011_005_00000020.png,3.0,256,94,514,424,0.40008438,0.19184947,0.80417335,0.86614287
12,data\kanade\cohn-kanade-images\S011\005\S011_005_00000001.png,0.0,256,94,514,424,0.40008438,0.19184947,0.80417335,0.86614287
13,data\kanade\cohn-kanade-images\S011\006\S011_006_00000013.png,5.0,264,88,521,416,0.41284204,0.18025151,0.8155303,0.8495666
14,data\kanade\cohn-kanade-images\S011\006\S011_006_00000001.png,0.0,264,88,521,416,0.41284204,0.18025151,0.8155303,0.8495666
15,data\kanade\cohn-kanade-images\S014\001\S014_001_00000029.png,7.0,247,93,502,437,0.38613352,0.19057503,0.7858386,0.89294815
16,data\kanade\cohn-kanade-images\S014\002\S014_002_00000016.png,6.0,249,99,499,431,0.3896055,0.20392203,0.7799542,0.88066506
17,data\kanade\cohn-kanade-images\S014\002\S014_002_00000001.png,0.0,249,99,499,431,0.3896055,0.20392203,0.7799542,0.88066506
18,data\kanade\cohn-kanade-images\S014\003\S014_003_00000030.png,1.0,252,106,500,427,0.39456117,0.21817654,0.7824335,0.87298995
19,data\kanade\cohn-kanade-images\S014\005\S014_005_00000017.png,5.0,249,98,503,427,0.38962317,0.20130622,0.7874143,0.87232864
20,data\kanade\cohn-kanade-images\S014\005\S014_005_00000001.png,0.0,249,98,503,427,0.38962317,0.20130622,0.7874143,0.87232864
21,data\kanade\cohn-kanade-images\S022\001\S022_001_00000030.png,7.0,243,82,442,372,0.3804058,0.16804507,0.6911464,0.75960696
22,data\kanade\cohn-kanade-images\S022\001\S022_001_00000001.png,0.0,243,82,442,372,0.3804058,0.16804507,0.6911464,0.75960696
23,data\kanade\cohn-kanade-images\S022\005\S022_005_00000032.png,1.0,249,89,448,360,0.39007604,0.18293288,0.700083,0.73631704
24,data\kanade\cohn-kanade-images\S022\005\S022_005_00000001.png,0.0,249,89,448,360,0.39007604,0.18293288,0.700083,0.73631704
25,data\kanade\cohn-kanade-images\S022\006\S022_006_00000017.png,3.0,242,89,444,361,0.3794832,0.18192855,0.6946455,0.7376518
26,data\kanade\cohn-kanade-images\S026\001\S026_001_00000015.png,7.0,243,84,432,366,0.3803557,0.1722101,0.6752198,0.7479061
27,data\kanade\cohn-kanade-images\S026\002\S026_002_00000016.png,6.0,234,104,428,359,0.36623207,0.21300766,0.66992223,0.73368967
28,data\kanade\cohn-kanade-images\S026\002\S026_002_00000001.png,0.0,234,104,428,359,0.36623207,0.21300766,0.66992223,0.73368967
29,data\kanade\cohn-kanade-images\S026\003\S026_003_00000015.png,1.0,236,105,430,356,0.36892635,0.21625295,0.672311,0.7280121
30,data\kanade\cohn-kanade-images\S026\006\S026_006_00000013.png,5.0,238,99,432,357,0.37228763,0.20210972,0.67557395,0.72940075
31,data\kanade\cohn-kanade-images\S026\006\S026_006_00000001.png,0.0,238,99,432,357,0.37228763,0.20210972,0.67557395,0.72940075
32,data\kanade\cohn-kanade-images\S028\001\S028_001_00000024.png,1.0,249,149,446,382,0.39035606,0.30452427,0.69737613,0.7796228
33,data\kanade\cohn-kanade-images\S029\001\S029_001_00000019.png,1.0,230,116,423,348,0.3600979,0.2380406,0.66144955,0.71179664
34,data\kanade\cohn-kanade-images\S029\001\S029_001_00000001.png,0.0,230,116,423,348,0.3600979,0.2380406,0.66144955,0.71179664
35,data\kanade\cohn-kanade-images\S032\001\S032_001_00000022.png,7.0,252,111,437,379,0.394016,0.22798905,0.6836654,0.77397597
36,data\kanade\cohn-kanade-images\S032\003\S032_003_00000017.png,1.0,253,132,440,368,0.396066,0.27090365,0.68860453,0.7523542
37,data\kanade\cohn-kanade-images\S032\003\S032_003_00000001.png,0.0,253,132,440,368,0.396066,0.27090365,0.68860453,0.7523542
38,data\kanade\cohn-kanade-images\S032\004\S032_004_00000014.png,4.0,254,130,440,364,0.39762565,0.26732725,0.68773186,0.74295694
39,data\kanade\cohn-kanade-images\S032\004\S032_004_00000001.png,0.0,254,130,440,364,0.39762565,0.26732725,0.68773186,0.74295694
40,data\kanade\cohn-kanade-images\S032\005\S032_005_00000016.png,3.0,252,135,439,367,0.3945478,0.27598152,0.6868007,0.7507341
41,data\kanade\cohn-kanade-images\S032\005\S032_005_00000001.png,0.0,252,135,439,367,0.3945478,0.27598152,0.6868007,0.7507341
42,data\kanade\cohn-kanade-images\S032\006\S032_006_00000016.png,5.0,253,122,439,367,0.39628074,0.25084287,0.6872568,0.7496825
43,data\kanade\cohn-kanade-images\S032\006\S032_006_00000001.png,0.0,253,122,439,367,0.39628074,0.25084287,0.6872568,0.7496825
44,data\kanade\cohn-kanade-images\S034\001\S034_001_00000029.png,7.0,205,126,395,410,0.3214072,0.2586816,0.617689,0.8369861
45,data\kanade\cohn-kanade-images\S034\003\S034_003_00000027.png,1.0,214,134,396,379,0.33453947,0.275173,0.61928993,0.77402216
46,data\kanade\cohn-kanade-images\S034\005\S034_005_00000010.png,5.0,209,127,397,376,0.32746512,0.26095143,0.62184364,0.76810193
47,data\kanade\cohn-kanade-images\S035\001\S035_001_00000015.png,7.0,214,107,397,401,0.33502635,0.21916297,0.6208943,0.8183694
48,data\kanade\cohn-kanade-images\S035\005\S035_005_00000019.png,3.0,214,118,395,359,0.33492982,0.24164306,0.61742276,0.7335806
49,data\kanade\cohn-kanade-images\S035\005\S035_005_00000001.png,0.0,214,118,395,359,0.33492982,0.24164306,0.61742276,0.7335806
50,data\kanade\cohn-kanade-images\S035\006\S035_006_00000018.png,5.0,215,115,399,369,0.33658582,0.23470804,0.6236039,0.7533915
51,data\kanade\cohn-kanade-images\S037\001\S037_001_00000020.png,7.0,259,105,452,414,0.40484005,0.21441138,0.7069097,0.8466635
52,data\kanade\cohn-kanade-images\S037\003\S037_003_00000022.png,1.0,255,109,452,371,0.39990878,0.22364527,0.7075474,0.7578042
53,data\kanade\cohn-kanade-images\S037\003\S037_003_00000001.png,0.0,255,109,452,371,0.39990878,0.22364527,0.7075474,0.7578042
54,data\kanade\cohn-kanade-images\S037\006\S037_006_00000021.png,5.0,259,96,454,362,0.40473685,0.19652554,0.7094331,0.74052584
55,data\kanade\cohn-kanade-images\S042\001\S042_001_00000019.png,7.0,247,125,426,413,0.3867247,0.2564236,0.6666485,0.84312344
56,data\kanade\cohn-kanade-images\S042\001\S042_001_00000001.png,0.0,247,125,426,413,0.3867247,0.2564236,0.6666485,0.84312344
57,data\kanade\cohn-kanade-images\S042\002\S042_002_00000016.png,6.0,244,133,427,390,0.38186446,0.2720292,0.66779995,0.7964467
58,data\kanade\cohn-kanade-images\S042\004\S042_004_00000020.png,1.0,244,134,427,387,0.38213217,0.27525532,0.6672462,0.7913481
59,data\kanade\cohn-kanade-images\S042\004\S042_004_00000001.png,0.0,244,134,427,387,0.38213217,0.27525532,0.6672462,0.7913481
60,data\kanade\cohn-kanade-images\S042\006\S042_006_00000017.png,5.0,241,129,431,391,0.37685,0.26427674,0.6749027,0.79972863
61,data\kanade\cohn-kanade-images\S044\001\S044_001_00000024.png,7.0,256,126,427,390,0.4004293,0.25781032,0.66837484,0.79657865
62,data\kanade\cohn-kanade-images\S044\001\S044_001_00000001.png,0.0,256,126,427,390,0.4004293,0.25781032,0.66837484,0.79657865
63,data\kanade\cohn-kanade-images\S044\003\S044_003_00000014.png,5.0,252,130,429,366,0.394414,0.26569742,0.6705875,0.747641
64,data\kanade\cohn-kanade-images\S044\006\S044_006_00000019.png,3.0,253,133,429,361,0.39628977,0.27186126,0.67156214,0.7378952
65,data\kanade\cohn-kanade-images\S044\006\S044_006_00000001.png,0.0,253,133,429,361,0.39628977,0.27186126,0.67156214,0.7378952
66,data\kanade\cohn-kanade-images\S045\004\S045_004_00000015.png,3.0,200,141,397,377,0.3127294,0.28841338,0.6214292,0.76942694
67,data\kanade\cohn-kanade-images\S045\004\S045_004_00000001.png,0.0,200,141,397,377,0.3127294,0.28841338,0.6214292,0.76942694
68,data\kanade\cohn-kanade-images\S045\005\S045_005_00000030.png,1.0,189,147,388,379,0.29648823,0.30039865,0.606515,0.7736532
69,data\kanade\cohn-kanade-images\S045\005\S045_005_00000001.png,0.0,189,147,388,379,0.29648823,0.30039865,0.606515,0.7736532
70,data\kanade\cohn-kanade-images\S046\001\S046_001_00000025.png,6.0,217,110,410,362,0.33980572,0.22508296,0.64108974,0.739504
71,data\kanade\cohn-kanade-images\S046\001\S046_001_00000001.png,0.0,217,110,410,362,0.33980572,0.22508296,0.64108974,0.739504
72,data\kanade\cohn-kanade-images\S046\002\S046_002_00000006.png,7.0,222,101,411,388,0.347638,0.20755571,0.64361817,0.79287106
73,data\kanade\cohn-kanade-images\S046\002\S046_002_00000001.png,0.0,222,101,411,388,0.347638,0.20755571,0.64361817,0.79287106
74,data\kanade\cohn-kanade-images\S046\003\S046_003_00000016.png,4.0,222,108,410,360,0.3480425,0.22087628,0.641762,0.73543984
75,data\kanade\cohn-kanade-images\S046\004\S046_004_00000017.png,3.0,223,121,410,362,0.3490675,0.24860662,0.64116144,0.7392939
76,data\kanade\cohn-kanade-images\S046\004\S046_004_00000001.png,0.0,223,121,410,362,0.3490675,0.24860662,0.64116144,0.7392939
77,data\kanade\cohn-kanade-images\S050\001\S050_001_00000017.png,4.0,321,103,511,343,0.50302243,0.21059269,0.7991742,0.7016857
78,data\kanade\cohn-kanade-images\S050\002\S050_002_00000018.png,7.0,322,82,506,375,0.50431406,0.1683251,0.7910546,0.76720285
79,data\kanade\cohn-kanade-images\S050\004\S050_004_00000021.png,1.0,315,104,507,352,0.49308425,0.21241376,0.79274565,0.7187073
80,data\kanade\cohn-kanade-images\S050\006\S050_006_00000023.png,5.0,320,94,510,349,0.5007826,0.19231209,0.79792523,0.71370745
81,data\kanade\cohn-kanade-images\S051\003\S051_003_00000018.png,3.0,180,136,405,416,0.2820214,0.27925396,0.6331268,0.8508049
82,data\kanade\cohn-kanade-images\S052\001\S052_001_00000015.png,7.0,211,84,431,441,0.33089277,0.17169604,0.6736293,0.90085125
83,data\kanade\cohn-kanade-images\S052\004\S052_004_00000033.png,5.0,207,95,430,414,0.32373166,0.19428891,0.6730382,0.8458554
84,data\kanade\cohn-kanade-images\S052\004\S052_004_00000001.png,0.0,207,95,430,414,0.32373166,0.19428891,0.6730382,0.8458554
85,data\kanade\cohn-kanade-images\S052\006\S052_006_00000013.png,3.0,214,94,432,402,0.33558542,0.19344565,0.67639726,0.8217895
86,data\kanade\cohn-kanade-images\S053\001\S053_001_00000023.png,7.0,184,63,461,447,0.28863627,0.1287227,0.7210961,0.9130608
87,data\kanade\cohn-kanade-images\S053\001\S053_001_00000001.png,0.0,184,63,461,447,0.28863627,0.1287227,0.7210961,0.9130608
88,data\kanade\cohn-kanade-images\S053\004\S053_004_00000024.png,5.0,175,79,463,424,0.2738374,0.16290927,0.7244951,0.8654871
89,data\kanade\cohn-kanade-images\S053\004\S053_004_00000001.png,0.0,175,79,463,424,0.2738374,0.16290927,0.7244951,0.8654871
90,data\kanade\cohn-kanade-images\S054\002\S054_002_00000015.png,4.0,218,126,454,442,0.3413986,0.25837657,0.7094437,0.9031594
91,data\kanade\cohn-kanade-images\S054\003\S054_003_00000007.png,7.0,209,122,448,457,0.32795125,0.2490131,0.7004712,0.93438315
92,data\kanade\cohn-kanade-images\S054\003\S054_003_00000001.png,0.0,209,122,448,457,0.32795125,0.2490131,0.7004712,0.93438315
93,data\kanade\cohn-kanade-images\S054\004\S054_004_00000024.png,3.0,220,148,454,432,0.34469008,0.30356023,0.71076727,0.8822763
94,data\kanade\cohn-kanade-images\S054\004\S054_004_00000001.png,0.0,220,148,454,432,0.34469008,0.30356023,0.71076727,0.8822763
95,data\kanade\cohn-kanade-images\S055\001\S055_001_00000012.png,7.0,257,110,473,441,0.40217048,0.2262893,0.7393083,0.90203846
96,data\kanade\cohn-kanade-images\S055\003\S055_003_00000009.png,3.0,248,112,467,400,0.38773513,0.23041505,0.7303537,0.81772965
97,data\kanade\cohn-kanade-images\S055\003\S055_003_00000001.png,0.0,248,112,467,400,0.38773513,0.23041505,0.7303537,0.81772965
98,data\kanade\cohn-kanade-images\S055\004\S055_004_00000028.png,1.0,250,125,469,413,0.39135492,0.2566889,0.7335218,0.8432477
99,data\kanade\cohn-kanade-images\S055\004\S055_004_00000001.png,0.0,250,125,469,413,0.39135492,0.2566889,0.7335218,0.8432477
100,data\kanade\cohn-kanade-images\S055\005\S055_005_00000045.png,5.0,250,114,470,403,0.39073437,0.23454908,0.7346205,0.824088
101,data\kanade\cohn-kanade-images\S055\005\S055_005_00000001.png,0.0,250,114,470,403,0.39073437,0.23454908,0.7346205,0.824088
102,data\kanade\cohn-kanade-images\S055\006\S055_006_00000008.png,4.0,250,116,469,407,0.39140642,0.23839208,0.73426855,0.83163285
103,data\kanade\cohn-kanade-images\S056\002\S056_002_00000010.png,3.0,176,106,401,412,0.27594793,0.2172023,0.62752426,0.84083796
104,data\kanade\cohn-kanade-images\S056\002\S056_002_00000001.png,0.0,176,106,401,412,0.27594793,0.2172023,0.62752426,0.84083796
105,data\kanade\cohn-kanade-images\S056\004\S056_004_00000020.png,5.0,172,93,399,407,0.26975214,0.19136053,0.623669,0.8317482
106,data\kanade\cohn-kanade-images\S056\004\S056_004_00000001.png,0.0,172,93,399,407,0.26975214,0.19136053,0.623669,0.8317482
107,data\kanade\cohn-kanade-images\S057\001\S057_001_00000019.png,7.0,226,92,454,392,0.3539583,0.1886909,0.7096861,0.8001542
108,data\kanade\cohn-kanade-images\S057\001\S057_001_00000001.png,0.0,226,92,454,392,0.3539583,0.1886909,0.7096861,0.8001542
109,data\kanade\cohn-kanade-images\S057\003\S057_003_00000015.png,3.0,227,98,452,377,0.35474253,0.20064187,0.70752263,0.7711251
110,data\kanade\cohn-kanade-images\S057\003\S057_003_00000001.png,0.0,227,98,452,377,0.35474253,0.20064187,0.70752263,0.7711251
111,data\kanade\cohn-kanade-images\S057\006\S057_006_00000033.png,5.0,223,93,452,376,0.34971613,0.18988079,0.70688826,0.7681462
112,data\kanade\cohn-kanade-images\S057\006\S057_006_00000001.png,0.0,223,93,452,376,0.34971613,0.18988079,0.70688826,0.7681462
113,data\kanade\cohn-kanade-images\S058\001\S058_001_00000020.png,7.0,207,76,443,430,0.32481885,0.1570208,0.6924038,0.87831104
114,data\kanade\cohn-kanade-images\S058\005\S058_005_00000010.png,1.0,205,92,449,398,0.32106656,0.18807855,0.70303184,0.8142437
115,data\kanade\cohn-kanade-images\S058\005\S058_005_00000001.png,0.0,205,92,449,398,0.32106656,0.18807855,0.70303184,0.8142437
116,data\kanade\cohn-kanade-images\S058\006\S058_006_00000018.png,3.0,202,88,449,402,0.3161732,0.1799398,0.7020893,0.8220975
117,data\kanade\cohn-kanade-images\S059\001\S059_001_00000018.png,7.0,258,96,486,436,0.40457097,0.197034,0.7605361,0.89000523
118,data\kanade\cohn-kanade-images\S059\001\S059_001_00000001.png,0.0,258,96,486,436,0.40457097,0.197034,0.7605361,0.89000523
119,data\kanade\cohn-kanade-images\S059\002\S059_002_00000017.png,4.0,255,96,485,396,0.399392,0.19720018,0.7587342,0.8085693
120,data\kanade\cohn-kanade-images\S059\002\S059_002_00000001.png,0.0,255,96,485,396,0.399392,0.19720018,0.7587342,0.8085693
121,data\kanade\cohn-kanade-images\S060\002\S060_002_00000026.png,5.0,220,118,445,430,0.3440326,0.24160346,0.69550806,0.87883425
122,data\kanade\cohn-kanade-images\S060\003\S060_003_00000018.png,7.0,215,102,436,424,0.33692127,0.208383,0.6822712,0.86687684
123,data\kanade\cohn-kanade-images\S060\003\S060_003_00000001.png,0.0,215,102,436,424,0.33692127,0.208383,0.6822712,0.86687684
124,data\kanade\cohn-kanade-images\S060\005\S060_005_00000021.png,3.0,223,131,444,434,0.34997347,0.26815063,0.6950587,0.8860175
125,data\kanade\cohn-kanade-images\S060\005\S060_005_00000001.png,0.0,223,131,444,434,0.34997347,0.26815063,0.6950587,0.8860175
126,data\kanade\cohn-kanade-images\S061\001\S061_001_00000012.png,7.0,216,126,455,453,0.33878672,0.25714606,0.7110884,0.9247584
127,data\kanade\cohn-kanade-images\S061\001\S061_001_00000001.png,0.0,216,126,455,453,0.33878672,0.25714606,0.7110884,0.9247584
128,data\kanade\cohn-kanade-images\S061\002\S061_002_00000015.png,5.0,216,131,448,410,0.3388753,0.2680826,0.701182,0.8375343
129,data\kanade\cohn-kanade-images\S061\004\S061_004_00000022.png,3.0,215,130,460,403,0.33700264,0.26692346,0.7194524,0.82365453
130,data\kanade\cohn-kanade-images\S061\004\S061_004_00000001.png,0.0,215,130,460,403,0.33700264,0.26692346,0.7194524,0.82365453
131,data\kanade\cohn-kanade-images\S062\001\S062_001_00000017.png,4.0,164,84,421,417,0.2565395,0.17298159,0.6587498,0.85270274
132,data\kanade\cohn-kanade-images\S062\001\S062_001_00000001.png,0.0,164,84,421,417,0.2565395,0.17298159,0.6587498,0.85270274
133,data\kanade\cohn-kanade-images\S062\002\S062_002_00000016.png,7.0,168,85,414,430,0.26325333,0.17360616,0.647925,0.879547
134,data\kanade\cohn-kanade-images\S062\002\S062_002_00000001.png,0.0,168,85,414,430,0.26325333,0.17360616,0.647925,0.879547
135,data\kanade\cohn-kanade-images\S062\004\S062_004_00000024.png,5.0,162,85,423,411,0.25393373,0.17543033,0.66099375,0.84018064
136,data\kanade\cohn-kanade-images\S062\005\S062_005_00000029.png,3.0,155,91,412,411,0.24293001,0.18773344,0.64451844,0.8403022
137,data\kanade\cohn-kanade-images\S063\001\S063_001_00000013.png,7.0,178,81,436,416,0.27893025,0.16599536,0.682549,0.85058534
138,data\kanade\cohn-kanade-images\S063\002\S063_002_00000023.png,5.0,179,86,438,388,0.2804129,0.17675805,0.684945,0.7921453
139,data\kanade\cohn-kanade-images\S064\001\S064_001_00000012.png,7.0,177,73,399,390,0.27736366,0.15033904,0.6249349,0.7974217
140,data\kanade\cohn-kanade-images\S064\001\S064_001_00000001.png,0.0,177,73,399,390,0.27736366,0.15033904,0.6249349,0.7974217
141,data\kanade\cohn-kanade-images\S064\003\S064_003_00000025.png,5.0,177,57,400,372,0.27731818,0.11753869,0.6251231,0.7595535
142,data\kanade\cohn-kanade-images\S064\003\S064_003_00000001.png,0.0,177,57,400,372,0.27731818,0.11753869,0.6251231,0.7595535
143,data\kanade\cohn-kanade-images\S064\004\S064_004_00000014.png,6.0,177,85,400,380,0.2772796,0.17369622,0.62517035,0.77679414
144,data\kanade\cohn-kanade-images\S065\002\S065_002_00000022.png,4.0,199,107,407,379,0.3119258,0.21857613,0.6361922,0.7753568
145,data\kanade\cohn-kanade-images\S065\002\S065_002_00000001.png,0.0,199,107,407,379,0.3119258,0.21857613,0.6361922,0.7753568
146,data\kanade\cohn-kanade-images\S065\003\S065_003_00000022.png,7.0,195,95,402,400,0.30611557,0.19446433,0.6294384,0.8174406
147,data\kanade\cohn-kanade-images\S065\004\S065_004_00000028.png,5.0,201,112,407,384,0.3142767,0.23007903,0.63692534,0.78445804
148,data\kanade\cohn-kanade-images\S065\005\S065_005_00000008.png,3.0,201,130,397,392,0.31418973,0.26559284,0.6218382,0.8001461
149,data\kanade\cohn-kanade-images\S066\002\S066_002_00000022.png,7.0,236,93,460,419,0.3698935,0.19050822,0.71909815,0.8560531
150,data\kanade\cohn-kanade-images\S066\003\S066_003_00000012.png,5.0,234,103,457,396,0.36582512,0.21206567,0.7148889,0.8091594
151,data\kanade\cohn-kanade-images\S066\003\S066_003_00000001.png,0.0,234,103,457,396,0.36582512,0.21206567,0.7148889,0.8091594
152,data\kanade\cohn-kanade-images\S066\004\S066_004_00000010.png,6.0,242,103,464,389,0.3787665,0.21140617,0.7262312,0.79471225
153,data\kanade\cohn-kanade-images\S066\004\S066_004_00000001.png,0.0,242,103,464,389,0.3787665,0.21140617,0.7262312,0.79471225
154,data\kanade\cohn-kanade-images\S066\005\S066_005_00000011.png,1.0,239,106,459,391,0.37455127,0.21686414,0.7178296,0.7998773
155,data\kanade\cohn-kanade-images\S067\002\S067_002_00000014.png,7.0,219,107,446,440,0.34330815,0.21989405,0.6978237,0.8991339
156,data\kanade\cohn-kanade-images\S067\004\S067_004_00000023.png,1.0,226,130,450,421,0.35342515,0.267241,0.70366025,0.86034167
157,data\kanade\cohn-kanade-images\S067\004\S067_004_00000001.png,0.0,226,130,450,421,0.35342515,0.267241,0.70366025,0.86034167
158,data\kanade\cohn-kanade-images\S067\005\S067_005_00000022.png,5.0,220,119,448,403,0.34520036,0.24287972,0.7008006,0.8233582
159,data\kanade\cohn-kanade-images\S067\005\S067_005_00000001.png,0.0,220,119,448,403,0.34520036,0.24287972,0.7008006,0.8233582
160,data\kanade\cohn-kanade-images\S067\006\S067_006_00000011.png,3.0,217,111,442,390,0.3394887,0.22789025,0.69104165,0.7972349
161,data\kanade\cohn-kanade-images\S067\006\S067_006_00000001.png,0.0,217,111,442,390,0.3394887,0.22789025,0.69104165,0.7972349
162,data\kanade\cohn-kanade-images\S068\002\S068_002_00000015.png,5.0,158,115,378,401,0.24736208,0.2357884,0.5912814,0.81850463
163,data\kanade\cohn-kanade-images\S068\003\S068_003_00000014.png,7.0,151,115,370,422,0.23610522,0.23592132,0.5796369,0.8618652
164,data\kanade\cohn-kanade-images\S068\004\S068_004_00000010.png,4.0,153,122,374,396,0.23923111,0.25012118,0.5858899,0.81000644
165,data\kanade\cohn-kanade-images\S068\004\S068_004_00000001.png,0.0,153,122,374,396,0.23923111,0.25012118,0.5858899,0.81000644
166,data\kanade\cohn-kanade-images\S068\005\S068_005_00000021.png,3.0,153,124,373,402,0.23958485,0.25429314,0.5833426,0.8219902
167,data\kanade\cohn-kanade-images\S068\005\S068_005_00000001.png,0.0,153,124,373,402,0.23958485,0.25429314,0.5833426,0.8219902
168,data\kanade\cohn-kanade-images\S069\002\S069_002_00000014.png,7.0,189,112,436,431,0.29640523,0.23008612,0.68164754,0.8812622
169,data\kanade\cohn-kanade-images\S069\003\S069_003_00000011.png,3.0,194,131,434,409,0.30355847,0.26739225,0.67918,0.83652973
170,data\kanade\cohn-kanade-images\S069\003\S069_003_00000001.png,0.0,194,131,434,409,0.30355847,0.26739225,0.67918,0.83652973
171,data\kanade\cohn-kanade-images\S069\004\S069_004_00000017.png,5.0,193,123,436,421,0.3017472,0.2511908,0.68265796,0.8599378
172,data\kanade\cohn-kanade-images\S069\004\S069_004_00000001.png,0.0,193,123,436,421,0.3017472,0.2511908,0.68265796,0.8599378
173,data\kanade\cohn-kanade-images\S070\002\S070_002_00000016.png,7.0,228,108,442,390,0.35739845,0.22067508,0.690896,0.796924
174,data\kanade\cohn-kanade-images\S070\002\S070_002_00000001.png,0.0,228,108,442,390,0.35739845,0.22067508,0.690896,0.796924
175,data\kanade\cohn-kanade-images\S070\003\S070_003_00000017.png,5.0,223,106,447,385,0.34916747,0.21643704,0.6992452,0.7864991
176,data\kanade\cohn-kanade-images\S070\005\S070_005_00000016.png,3.0,225,110,444,381,0.35189986,0.22454274,0.6939597,0.77885604
177,data\kanade\cohn-kanade-images\S071\001\S071_001_00000013.png,7.0,238,57,455,376,0.3731026,0.11695629,0.711266,0.76918
178,data\kanade\cohn-kanade-images\S071\001\S071_001_00000001.png,0.0,238,57,455,376,0.3731026,0.11695629,0.711266,0.76918
179,data\kanade\cohn-kanade-images\S071\002\S071_002_00000020.png,6.0,232,61,451,345,0.36270988,0.12614405,0.7047205,0.70434684
180,data\kanade\cohn-kanade-images\S071\002\S071_002_00000001.png,0.0,232,61,451,345,0.36270988,0.12614405,0.7047205,0.70434684
181,data\kanade\cohn-kanade-images\S071\004\S071_004_00000028.png,1.0,234,59,451,342,0.3665067,0.12170982,0.705899,0.69942164
182,data\kanade\cohn-kanade-images\S071\005\S071_005_00000021.png,5.0,231,60,450,343,0.36127296,0.12283519,0.70378196,0.70031273
183,data\kanade\cohn-kanade-images\S071\005\S071_005_00000001.png,0.0,231,60,450,343,0.36127296,0.12283519,0.70378196,0.70031273
184,data\kanade\cohn-kanade-images\S071\006\S071_006_00000014.png,3.0,231,62,449,346,0.36151904,0.12850875,0.70203525,0.7075251
185,data\kanade\cohn-kanade-images\S072\005\S072_005_00000019.png,1.0,222,133,446,409,0.34792912,0.27307895,0.697649,0.8359239
186,data\kanade\cohn-kanade-images\S072\006\S072_006_00000022.png,5.0,224,118,447,395,0.3501155,0.24210408,0.69994915,0.80640614
187,data\kanade\cohn-kanade-images\S073\001\S073_001_00000013.png,7.0,191,84,411,427,0.2998446,0.17280957,0.64339817,0.87219226
188,data\kanade\cohn-kanade-images\S073\001\S073_001_00000001.png,0.0,191,84,411,427,0.2998446,0.17280957,0.64339817,0.87219226
189,data\kanade\cohn-kanade-images\S073\006\S073_006_00000014.png,3.0,193,112,419,410,0.30289522,0.22862506,0.65565693,0.8379756
190,data\kanade\cohn-kanade-images\S073\006\S073_006_00000001.png,0.0,193,112,419,410,0.30289522,0.22862506,0.65565693,0.8379756
191,data\kanade\cohn-kanade-images\S074\001\S074_001_00000020.png,4.0,185,118,409,407,0.28950202,0.24256063,0.64046806,0.83191264
192,data\kanade\cohn-kanade-images\S074\002\S074_002_00000016.png,7.0,190,112,411,430,0.29780608,0.2301102,0.6431707,0.8783771
193,data\kanade\cohn-kanade-images\S074\004\S074_004_00000018.png,3.0,190,123,412,406,0.29748136,0.25275165,0.64491785,0.83012193
194,data\kanade\cohn-kanade-images\S074\004\S074_004_00000001.png,0.0,190,123,412,406,0.29748136,0.25275165,0.64491785,0.83012193
195,data\kanade\cohn-kanade-images\S074\005\S074_005_00000043.png,5.0,188,114,413,408,0.29446703,0.23445007,0.6463726,0.8341179
196,data\kanade\cohn-kanade-images\S075\002\S075_002_00000014.png,7.0,171,94,416,434,0.26829985,0.19213879,0.6503742,0.8865906
197,data\kanade\cohn-kanade-images\S075\005\S075_005_00000012.png,3.0,168,103,425,431,0.263416,0.21064752,0.66472006,0.88133484
198,data\kanade\cohn-kanade-images\S075\005\S075_005_00000001.png,0.0,168,103,425,431,0.263416,0.21064752,0.66472006,0.88133484
199,data\kanade\cohn-kanade-images\S075\006\S075_006_00000025.png,5.0,167,104,423,431,0.2624082,0.21330747,0.662301,0.881354
200,data\kanade\cohn-kanade-images\S075\006\S075_006_00000001.png,0.0,167,104,423,431,0.2624082,0.21330747,0.662301,0.881354
201,data\kanade\cohn-kanade-images\S075\008\S075_008_00000012.png,1.0,170,85,426,415,0.26640606,0.17497414,0.6671068,0.84862274
202,data\kanade\cohn-kanade-images\S075\008\S075_008_00000001.png,0.0,170,85,426,415,0.26640606,0.17497414,0.6671068,0.84862274
203,data\kanade\cohn-kanade-images\S076\001\S076_001_00000017.png,7.0,192,85,413,422,0.30053177,0.17382324,0.64683163,0.862671
204,data\kanade\cohn-kanade-images\S076\005\S076_005_00000012.png,3.0,191,98,420,390,0.29989687,0.20110887,0.6563164,0.7975616
205,data\kanade\cohn-kanade-images\S076\006\S076_006_00000019.png,5.0,196,94,426,390,0.3067634,0.19218981,0.66608757,0.79700035
206,data\kanade\cohn-kanade-images\S077\001\S077_001_00000028.png,7.0,202,50,421,380,0.3166347,0.1021173,0.65850693,0.77640146
207,data\kanade\cohn-kanade-images\S077\006\S077_006_00000014.png,3.0,204,64,426,338,0.32000828,0.1316014,0.66567606,0.69065106
208,data\kanade\cohn-kanade-images\S077\006\S077_006_00000001.png,0.0,204,64,426,338,0.32000828,0.1316014,0.66567606,0.69065106
209,data\kanade\cohn-kanade-images\S078\001\S078_001_00000033.png,7.0,195,99,419,416,0.30585703,0.20253688,0.65496874,0.8490544
210,data\kanade\cohn-kanade-images\S078\004\S078_004_00000027.png,5.0,195,93,419,366,0.30622932,0.19098592,0.65502477,0.7489241
211,data\kanade\cohn-kanade-images\S078\007\S078_007_00000013.png,3.0,198,102,420,358,0.30960387,0.20980862,0.6566111,0.7324351
212,data\kanade\cohn-kanade-images\S078\007\S078_007_00000001.png,0.0,198,102,420,358,0.30960387,0.20980862,0.6566111,0.7324351
213,data\kanade\cohn-kanade-images\S079\001\S079_001_00000012.png,7.0,166,96,398,412,0.25948212,0.19613418,0.6231849,0.84247124
214,data\kanade\cohn-kanade-images\S079\002\S079_002_00000012.png,3.0,169,101,399,396,0.26522416,0.20728809,0.62468493,0.80976814
215,data\kanade\cohn-kanade-images\S079\002\S079_002_00000001.png,0.0,169,101,399,396,0.26522416,0.20728809,0.62468493,0.80976814
216,data\kanade\cohn-kanade-images\S079\004\S079_004_00000026.png,5.0,163,95,397,393,0.2558577,0.19559538,0.6209141,0.8035429
217,data\kanade\cohn-kanade-images\S079\004\S079_004_00000001.png,0.0,163,95,397,393,0.2558577,0.19559538,0.6209141,0.8035429
218,data\kanade\cohn-kanade-images\S080\001\S080_001_00000018.png,7.0,205,58,431,411,0.32141048,0.11844063,0.67356217,0.8397533
219,data\kanade\cohn-kanade-images\S080\001\S080_001_00000001.png,0.0,205,58,431,411,0.32141048,0.11844063,0.67356217,0.8397533
220,data\kanade\cohn-kanade-images\S080\005\S080_005_00000013.png,6.0,202,67,428,375,0.31579298,0.13810632,0.66948354,0.7655268
221,data\kanade\cohn-kanade-images\S080\005\S080_005_00000001.png,0.0,202,67,428,375,0.31579298,0.13810632,0.66948354,0.7655268
222,data\kanade\cohn-kanade-images\S080\008\S080_008_00000009.png,3.0,206,73,431,372,0.3232778,0.14929941,0.6748452,0.7597164
223,data\kanade\cohn-kanade-images\S080\008\S080_008_00000001.png,0.0,206,73,431,372,0.3232778,0.14929941,0.6748452,0.7597164
224,data\kanade\cohn-kanade-images\S081\001\S081_001_00000019.png,7.0,205,76,446,431,0.32120872,0.1559327,0.69831336,0.8809651
225,data\kanade\cohn-kanade-images\S081\002\S081_002_00000024.png,6.0,204,67,445,382,0.31991076,0.13870135,0.695647,0.7815664
226,data\kanade\cohn-kanade-images\S081\008\S081_008_00000011.png,3.0,205,69,444,374,0.32041502,0.14240256,0.69454896,0.76500976
227,data\kanade\cohn-kanade-images\S081\008\S081_008_00000001.png,0.0,205,69,444,374,0.32041502,0.14240256,0.69454896,0.76500976
228,data\kanade\cohn-kanade-images\S082\001\S082_001_00000015.png,7.0,210,71,428,388,0.32823998,0.1461105,0.6699535,0.79369307
229,data\kanade\cohn-kanade-images\S082\001\S082_001_00000001.png,0.0,210,71,428,388,0.32823998,0.1461105,0.6699535,0.79369307
230,data\kanade\cohn-kanade-images\S082\005\S082_005_00000017.png,1.0,208,95,430,382,0.32625014,0.19433722,0.6728165,0.78085136
231,data\kanade\cohn-kanade-images\S082\007\S082_007_00000010.png,3.0,206,96,427,382,0.32187563,0.19750968,0.66868234,0.78042567
232,data\kanade\cohn-kanade-images\S083\003\S083_003_00000019.png,5.0,181,93,402,382,0.283056,0.19148168,0.6288651,0.7808058
233,data\kanade\cohn-kanade-images\S083\003\S083_003_00000001.png,0.0,181,93,402,382,0.283056,0.19148168,0.6288651,0.7808058
234,data\kanade\cohn-kanade-images\S084\001\S084_001_00000010.png,7.0,192,54,423,394,0.3008826,0.11222741,0.66234326,0.8042489
235,data\kanade\cohn-kanade-images\S084\002\S084_002_00000023.png,4.0,188,56,421,351,0.29423165,0.11469552,0.65790933,0.7168356
236,data\kanade\cohn-kanade-images\S085\002\S085_002_00000014.png,5.0,190,48,413,347,0.29715502,0.09898889,0.64544064,0.7096424
237,data\kanade\cohn-kanade-images\S085\003\S085_003_00000013.png,7.0,198,34,412,378,0.3108136,0.06945965,0.6438447,0.7732321
238,data\kanade\cohn-kanade-images\S085\003\S085_003_00000001.png,0.0,198,34,412,378,0.3108136,0.06945965,0.6438447,0.7732321
239,data\kanade\cohn-kanade-images\S085\004\S085_004_00000017.png,3.0,188,50,410,337,0.29413322,0.10375759,0.641677,0.68830323
240,data\kanade\cohn-kanade-images\S086\002\S086_002_00000015.png,5.0,153,61,381,356,0.24032156,0.1261794,0.59686404,0.72765976
241,data\kanade\cohn-kanade-images\S086\002\S086_002_00000001.png,0.0,153,61,381,356,0.24032156,0.1261794,0.59686404,0.72765976
242,data\kanade\cohn-kanade-images\S087\001\S087_001_00000011.png,7.0,185,31,411,330,0.29034263,0.06436065,0.6435561,0.67528164
243,data\kanade\cohn-kanade-images\S087\001\S087_001_00000001.png,0.0,185,31,411,330,0.29034263,0.06436065,0.6435561,0.67528164
244,data\kanade\cohn-kanade-images\S087\004\S087_004_00000012.png,3.0,185,55,417,331,0.29016793,0.11380699,0.65274197,0.6755123
245,data\kanade\cohn-kanade-images\S087\004\S087_004_00000001.png,0.0,185,55,417,331,0.29016793,0.11380699,0.65274197,0.6755123
246,data\kanade\cohn-kanade-images\S087\005\S087_005_00000012.png,5.0,186,36,419,328,0.29208726,0.07485241,0.65472156,0.67086923
247,data\kanade\cohn-kanade-images\S087\005\S087_005_00000001.png,0.0,186,36,419,328,0.29208726,0.07485241,0.65472156,0.67086923
248,data\kanade\cohn-kanade-images\S087\007\S087_007_00000016.png,1.0,188,39,418,327,0.29508695,0.08078167,0.65332496,0.66826034
249,data\kanade\cohn-kanade-images\S088\001\S088_001_00000017.png,7.0,157,105,385,412,0.24556868,0.21546346,0.6015776,0.841049
250,data\kanade\cohn-kanade-images\S088\004\S088_004_00000020.png,3.0,149,112,382,383,0.23300159,0.23038065,0.5981265,0.7832624
251,data\kanade\cohn-kanade-images\S089\001\S089_001_00000016.png,7.0,170,42,383,398,0.26633197,0.08721766,0.59902066,0.8139609
252,data\kanade\cohn-kanade-images\S089\002\S089_002_00000021.png,5.0,174,43,393,379,0.2721787,0.089395195,0.61535877,0.77381563
253,data\kanade\cohn-kanade-images\S089\002\S089_002_00000001.png,0.0,174,43,393,379,0.2721787,0.089395195,0.61535877,0.77381563
254,data\kanade\cohn-kanade-images\S089\003\S089_003_00000036.png,1.0,175,55,392,383,0.27433825,0.11323589,0.6133626,0.78196496
255,data\kanade\cohn-kanade-images\S089\003\S089_003_00000001.png,0.0,175,55,392,383,0.27433825,0.11323589,0.6133626,0.78196496
256,data\kanade\cohn-kanade-images\S090\002\S090_002_00000011.png,7.0,203,41,409,333,0.317677,0.08500922,0.6401305,0.68010986
257,data\kanade\cohn-kanade-images\S090\002\S090_002_00000001.png,0.0,203,41,409,333,0.317677,0.08500922,0.6401305,0.68010986
258,data\kanade\cohn-kanade-images\S090\006\S090_006_00000011.png,3.0,203,30,411,327,0.31848842,0.061558425,0.64311206,0.6685184
259,data\kanade\cohn-kanade-images\S090\006\S090_006_00000001.png,0.0,203,30,411,327,0.31848842,0.061558425,0.64311206,0.6685184
260,data\kanade\cohn-kanade-images\S090\007\S090_007_00000014.png,1.0,200,31,409,327,0.31383336,0.06363943,0.63964194,0.6681837
261,data\kanade\cohn-kanade-images\S090\007\S090_007_00000001.png,0.0,200,31,409,327,0.31383336,0.06363943,0.63964194,0.6681837
262,data\kanade\cohn-kanade-images\S091\001\S091_001_00000015.png,4.0,138,42,390,360,0.21587633,0.08769357,0.6102536,0.7348123
263,data\kanade\cohn-kanade-images\S091\003\S091_003_00000021.png,5.0,136,46,391,366,0.21356769,0.094160914,0.6110602,0.74863726
264,data\kanade\cohn-kanade-images\S092\003\S092_003_00000014.png,1.0,183,90,403,411,0.28717,0.18425328,0.6302022,0.84073776
265,data\kanade\cohn-kanade-images\S092\004\S092_004_00000024.png,5.0,182,89,404,407,0.28561577,0.18236592,0.6324583,0.83063257
266,data\kanade\cohn-kanade-images\S093\001\S093_001_00000020.png,6.0,179,29,408,330,0.28112304,0.060514063,0.6376599,0.67364967
267,data\kanade\cohn-kanade-images\S093\001\S093_001_00000001.png,0.0,179,29,408,330,0.28112304,0.060514063,0.6376599,0.67364967
268,data\kanade\cohn-kanade-images\S093\004\S093_004_00000016.png,5.0,189,23,418,323,0.2964778,0.048764408,0.6540978,0.66031176
269,data\kanade\cohn-kanade-images\S093\004\S093_004_00000001.png,0.0,189,23,418,323,0.2964778,0.048764408,0.6540978,0.66031176
270,data\kanade\cohn-kanade-images\S094\001\S094_001_00000010.png,7.0,196,51,412,377,0.30687493,0.10480693,0.6450731,0.77094746
271,data\kanade\cohn-kanade-images\S094\004\S094_004_00000012.png,5.0,196,50,416,339,0.3073965,0.10257077,0.6512281,0.69362736
272,data\kanade\cohn-kanade-images\S095\001\S095_001_00000016.png,7.0,202,51,426,395,0.31596574,0.105416,0.66670704,0.8067724
273,data\kanade\cohn-kanade-images\S095\001\S095_001_00000001.png,0.0,202,51,426,395,0.31596574,0.105416,0.66670704,0.8067724
274,data\kanade\cohn-kanade-images\S095\006\S095_006_00000013.png,3.0,200,64,429,357,0.31257385,0.13208461,0.6707401,0.7306012
275,data\kanade\cohn-kanade-images\S095\007\S095_007_00000021.png,5.0,206,57,433,364,0.32231563,0.116497576,0.67786235,0.74365634
276,data\kanade\cohn-kanade-images\S095\007\S095_007_00000001.png,0.0,206,57,433,364,0.32231563,0.116497576,0.67786235,0.74365634
277,data\kanade\cohn-kanade-images\S095\010\S095_010_00000014.png,6.0,202,59,428,367,0.31716716,0.12188178,0.6698886,0.75096655
278,data\kanade\cohn-kanade-images\S096\001\S096_001_00000007.png,7.0,194,75,433,396,0.30366144,0.15333301,0.67690885,0.8087437
279,data\kanade\cohn-kanade-images\S096\003\S096_003_00000012.png,3.0,194,77,429,373,0.30384904,0.15847105,0.6705807,0.7619911
280,data\kanade\cohn-kanade-images\S096\004\S096_004_00000011.png,5.0,195,79,429,374,0.30477107,0.1621998,0.67153287,0.7649447
281,data\kanade\cohn-kanade-images\S097\001\S097_001_00000021.png,7.0,200,43,424,400,0.3134334,0.08857155,0.6628101,0.81713593
282,data\kanade\cohn-kanade-images\S097\004\S097_004_00000030.png,3.0,195,56,425,369,0.30596417,0.11479613,0.6647633,0.75315094
283,data\kanade\cohn-kanade-images\S097\006\S097_006_00000019.png,5.0,197,48,423,367,0.30804023,0.099078804,0.6623205,0.74917924
284,data\kanade\cohn-kanade-images\S097\006\S097_006_00000001.png,0.0,197,48,423,367,0.30804023,0.099078804,0.6623205,0.74917924
285,data\kanade\cohn-kanade-images\S098\003\S098_003_00000013.png,3.0,144,72,378,353,0.22570553,0.14708221,0.59209895,0.7213265
286,data\kanade\cohn-kanade-images\S098\004\S098_004_00000015.png,5.0,146,63,385,349,0.22939982,0.13000607,0.6026781,0.71392125
287,data\kanade\cohn-kanade-images\S099\001\S099_001_00000014.png,7.0,184,40,412,380,0.28800982,0.0824399,0.64432245,0.77692175
288,data\kanade\cohn-kanade-images\S099\001\S099_001_00000001.png,0.0,184,40,412,380,0.28800982,0.0824399,0.64432245,0.77692175
289,data\kanade\cohn-kanade-images\S099\004\S099_004_00000015.png,5.0,183,44,415,357,0.2872854,0.0911341,0.64927137,0.7287277
290,data\kanade\cohn-kanade-images\S099\004\S099_004_00000001.png,0.0,183,44,415,357,0.2872854,0.0911341,0.64927137,0.7287277
291,data\kanade\cohn-kanade-images\S099\007\S099_007_00000012.png,3.0,185,71,413,361,0.29023778,0.14657363,0.6467285,0.7387023
292,data\kanade\cohn-kanade-images\S100\002\S100_002_00000015.png,7.0,180,47,422,407,0.28146747,0.09623155,0.6603004,0.8312167
293,data\kanade\cohn-kanade-images\S100\005\S100_005_00000023.png,1.0,185,43,430,358,0.28958637,0.08959234,0.6731711,0.73154616
294,data\kanade\cohn-kanade-images\S100\005\S100_005_00000001.png,0.0,185,43,430,358,0.28958637,0.08959234,0.6731711,0.73154616
295,data\kanade\cohn-kanade-images\S100\006\S100_006_00000016.png,5.0,185,37,431,358,0.28916815,0.076548606,0.6740242,0.731192
296,data\kanade\cohn-kanade-images\S101\002\S101_002_00000019.png,7.0,210,45,427,378,0.3281775,0.09185025,0.6676488,0.77289975
297,data\kanade\cohn-kanade-images\S101\002\S101_002_00000001.png,0.0,210,45,427,378,0.3281775,0.09185025,0.6676488,0.77289975
298,data\kanade\cohn-kanade-images\S102\002\S102_002_00000018.png,7.0,214,35,420,344,0.33569306,0.07207739,0.6572717,0.7022865
299,data\kanade\cohn-kanade-images\S102\002\S102_002_00000001.png,0.0,214,35,420,344,0.33569306,0.07207739,0.6572717,0.7022865
300,data\kanade\cohn-kanade-images\S102\003\S102_003_00000016.png,4.0,212,46,419,321,0.3323599,0.094711065,0.6548445,0.6570041
301,data\kanade\cohn-kanade-images\S102\009\S102_009_00000015.png,3.0,221,40,428,310,0.34554455,0.08350727,0.67004824,0.63447416
302,data\kanade\cohn-kanade-images\S102\009\S102_009_00000001.png,0.0,221,40,428,310,0.34554455,0.08350727,0.67004824,0.63447416
303,data\kanade\cohn-kanade-images\S105\008\S105_008_00000010.png,3.0,183,52,409,341,0.28731832,0.106392235,0.6399071,0.69665277
304,data\kanade\cohn-kanade-images\S106\002\S106_002_00000016.png,6.0,192,74,431,370,0.3009376,0.15135089,0.6738398,0.7565615
305,data\kanade\cohn-kanade-images\S106\002\S106_002_00000001.png,0.0,192,74,431,370,0.3009376,0.15135089,0.6738398,0.7565615
306,data\kanade\cohn-kanade-images\S106\004\S106_004_00000008.png,3.0,189,69,428,361,0.29593334,0.14274445,0.67028403,0.7385516
307,data\kanade\cohn-kanade-images\S106\004\S106_004_00000001.png,0.0,189,69,428,361,0.29593334,0.14274445,0.67028403,0.7385516
308,data\kanade\cohn-kanade-images\S106\006\S106_006_00000011.png,5.0,190,61,430,357,0.29759172,0.12548321,0.67191195,0.7287967
309,data\kanade\cohn-kanade-images\S107\001\S107_001_00000010.png,7.0,190,92,417,426,0.29783195,0.18799114,0.6519124,0.8699217
310,data\kanade\cohn-kanade-images\S107\005\S107_005_00000011.png,3.0,188,117,427,397,0.29472172,0.24030751,0.66792,0.8108451
311,data\kanade\cohn-kanade-images\S108\005\S108_005_00000022.png,6.0,226,101,443,376,0.35395634,0.20803759,0.6936946,0.7675309
312,data\kanade\cohn-kanade-images\S108\005\S108_005_00000001.png,0.0,226,101,443,376,0.35395634,0.20803759,0.6936946,0.7675309
313,data\kanade\cohn-kanade-images\S108\006\S108_006_00000020.png,3.0,228,92,449,368,0.35715634,0.18863419,0.70296246,0.75250876
314,data\kanade\cohn-kanade-images\S108\008\S108_008_00000013.png,5.0,228,85,450,372,0.35716337,0.17510518,0.7041941,0.7608596
315,data\kanade\cohn-kanade-images\S109\003\S109_003_00000017.png,1.0,185,88,403,346,0.28919005,0.17961392,0.6300669,0.70618606
316,data\kanade\cohn-kanade-images\S109\005\S109_005_00000014.png,3.0,181,86,399,349,0.28406155,0.17586315,0.62474036,0.7130947
317,data\kanade\cohn-kanade-images\S109\006\S109_006_00000015.png,5.0,186,85,402,355,0.290914,0.17545974,0.62865055,0.7246971
318,data\kanade\cohn-kanade-images\S109\006\S109_006_00000001.png,0.0,186,85,402,355,0.290914,0.17545974,0.62865055,0.7246971
319,data\kanade\cohn-kanade-images\S110\001\S110_001_00000013.png,7.0,207,63,409,401,0.3247466,0.12913892,0.64055574,0.8194653
320,data\kanade\cohn-kanade-images\S111\001\S111_001_00000014.png,7.0,189,70,410,398,0.29650956,0.14451662,0.6420385,0.8139639
321,data\kanade\cohn-kanade-images\S111\001\S111_001_00000001.png,0.0,189,70,410,398,0.29650956,0.14451662,0.6420385,0.8139639
322,data\kanade\cohn-kanade-images\S111\006\S111_006_00000010.png,1.0,188,83,418,359,0.2942891,0.16971356,0.6531472,0.7345786
323,data\kanade\cohn-kanade-images\S111\007\S111_007_00000014.png,3.0,189,82,417,359,0.29684484,0.16776192,0.65277964,0.7342957
324,data\kanade\cohn-kanade-images\S111\007\S111_007_00000001.png,0.0,189,82,417,359,0.29684484,0.16776192,0.65277964,0.7342957
325,data\kanade\cohn-kanade-images\S112\005\S112_005_00000017.png,1.0,225,46,465,383,0.3519988,0.09540802,0.7265748,0.7817885
326,data\kanade\cohn-kanade-images\S113\001\S113_001_00000012.png,7.0,180,54,424,408,0.28197888,0.11159685,0.6628207,0.8339759
327,data\kanade\cohn-kanade-images\S113\003\S113_003_00000015.png,6.0,178,64,426,387,0.27854133,0.13145897,0.66652095,0.7903749
328,data\kanade\cohn-kanade-images\S113\003\S113_003_00000001.png,0.0,178,64,426,387,0.27854133,0.13145897,0.66652095,0.7903749
329,data\kanade\cohn-kanade-images\S113\008\S113_008_00000023.png,1.0,178,63,427,383,0.27928436,0.12961742,0.6682003,0.78290045
330,data\kanade\cohn-kanade-images\S114\001\S114_001_00000018.png,7.0,187,70,408,415,0.2929468,0.14368269,0.63866425,0.84820974
331,data\kanade\cohn-kanade-images\S114\001\S114_001_00000001.png,0.0,187,70,408,415,0.2929468,0.14368269,0.63866425,0.84820974
332,data\kanade\cohn-kanade-images\S114\006\S114_006_00000023.png,5.0,187,81,414,384,0.2933224,0.16690454,0.64789283,0.7838093
333,data\kanade\cohn-kanade-images\S115\001\S115_001_00000008.png,7.0,194,64,415,392,0.30442262,0.13236365,0.6497214,0.80097115
334,data\kanade\cohn-kanade-images\S115\001\S115_001_00000001.png,0.0,194,64,415,392,0.30442262,0.13236365,0.6497214,0.80097115
335,data\kanade\cohn-kanade-images\S115\004\S115_004_00000017.png,6.0,174,73,403,378,0.27251333,0.14986762,0.6300418,0.7730669
336,data\kanade\cohn-kanade-images\S115\008\S115_008_00000017.png,5.0,192,76,420,375,0.300667,0.15536681,0.6565388,0.76718116
337,data\kanade\cohn-kanade-images\S116\001\S116_001_00000014.png,7.0,172,60,391,414,0.2699647,0.12443632,0.61201227,0.84685427
338,data\kanade\cohn-kanade-images\S116\006\S116_006_00000007.png,3.0,177,80,393,375,0.27681237,0.16466707,0.61528045,0.76637864
339,data\kanade\cohn-kanade-images\S116\006\S116_006_00000001.png,0.0,177,80,393,375,0.27681237,0.16466707,0.61528045,0.76637864
340,data\kanade\cohn-kanade-images\S116\007\S116_007_00000017.png,5.0,176,77,396,371,0.27611822,0.15887848,0.6191323,0.75863326
341,data\kanade\cohn-kanade-images\S117\001\S117_001_00000014.png,7.0,196,49,428,401,0.30746347,0.10120627,0.66943824,0.81875086
342,data\kanade\cohn-kanade-images\S117\003\S117_003_00000014.png,4.0,187,47,422,354,0.29319674,0.09676024,0.66082776,0.72304595
343,data\kanade\cohn-kanade-images\S117\003\S117_003_00000001.png,0.0,187,47,422,354,0.29319674,0.09676024,0.66082776,0.72304595
344,data\kanade\cohn-kanade-images\S117\006\S117_006_00000010.png,1.0,188,49,421,361,0.29525518,0.100516945,0.6587721,0.73828745
345,data\kanade\cohn-kanade-images\S119\001\S119_001_00000011.png,7.0,193,55,410,383,0.3028153,0.11288676,0.64126265,0.782174
346,data\kanade\cohn-kanade-images\S119\003\S119_003_00000024.png,4.0,184,74,401,359,0.2888887,0.1520988,0.62757105,0.7331991
347,data\kanade\cohn-kanade-images\S119\003\S119_003_00000001.png,0.0,184,74,401,359,0.2888887,0.1520988,0.62757105,0.7331991
348,data\kanade\cohn-kanade-images\S119\008\S119_008_00000018.png,1.0,191,89,410,379,0.29974288,0.1817401,0.6409573,0.7738771
349,data\kanade\cohn-kanade-images\S119\008\S119_008_00000001.png,0.0,191,89,410,379,0.29974288,0.1817401,0.6409573,0.7738771
350,data\kanade\cohn-kanade-images\S124\001\S124_001_00000014.png,7.0,161,64,362,393,0.2524091,0.1314247,0.5668184,0.8037741
351,data\kanade\cohn-kanade-images\S124\001\S124_001_00000001.png,0.0,161,64,362,393,0.2524091,0.1314247,0.5668184,0.8037741
352,data\kanade\cohn-kanade-images\S124\003\S124_003_00000011.png,4.0,165,88,364,348,0.25923276,0.18149549,0.56980413,0.7106598
353,data\kanade\cohn-kanade-images\S124\003\S124_003_00000001.png,0.0,165,88,364,348,0.25923276,0.18149549,0.56980413,0.7106598
354,data\kanade\cohn-kanade-images\S124\006\S124_006_00000011.png,3.0,163,92,361,348,0.25525212,0.18820295,0.5647139,0.71059895
355,data\kanade\cohn-kanade-images\S124\006\S124_006_00000001.png,0.0,163,92,361,348,0.25525212,0.18820295,0.5647139,0.71059895
356,data\kanade\cohn-kanade-images\S124\007\S124_007_00000024.png,5.0,172,79,375,345,0.26931936,0.1630961,0.5865859,0.7056794
357,data\kanade\cohn-kanade-images\S125\001\S125_001_00000014.png,6.0,221,94,445,372,0.34615692,0.19196686,0.6963099,0.7598325
358,data\kanade\cohn-kanade-images\S125\005\S125_005_00000013.png,5.0,226,98,454,380,0.35407007,0.20125344,0.70964265,0.77650034
359,data\kanade\cohn-kanade-images\S125\005\S125_005_00000001.png,0.0,226,98,454,380,0.35407007,0.20125344,0.70964265,0.77650034
360,data\kanade\cohn-kanade-images\S125\006\S125_006_00000022.png,4.0,222,91,447,381,0.34744024,0.18702441,0.6987941,0.7783578
361,data\kanade\cohn-kanade-images\S125\007\S125_007_00000009.png,7.0,225,93,444,403,0.35159537,0.19047329,0.6951754,0.8235041
362,data\kanade\cohn-kanade-images\S125\007\S125_007_00000001.png,0.0,225,93,444,403,0.35159537,0.19047329,0.6951754,0.8235041
363,data\kanade\cohn-kanade-images\S125\008\S125_008_00000010.png,3.0,222,97,442,377,0.3476882,0.19818637,0.6916282,0.77041256
364,data\kanade\cohn-kanade-images\S126\004\S126_004_00000012.png,7.0,175,84,399,402,0.27402383,0.17160654,0.6245418,0.8218059
365,data\kanade\cohn-kanade-images\S126\008\S126_008_00000029.png,1.0,173,104,399,388,0.2711684,0.21256807,0.6243046,0.792572
366,data\kanade\cohn-kanade-images\S127\001\S127_001_00000017.png,7.0,209,111,414,440,0.3278099,0.22788718,0.6479664,0.89887464
367,data\kanade\cohn-kanade-images\S127\001\S127_001_00000001.png,0.0,209,111,414,440,0.3278099,0.22788718,0.6479664,0.89887464
368,data\kanade\cohn-kanade-images\S127\004\S127_004_00000016.png,5.0,208,117,431,402,0.32580483,0.24068487,0.6744269,0.8211081
369,data\kanade\cohn-kanade-images\S127\004\S127_004_00000001.png,0.0,208,117,431,402,0.32580483,0.24068487,0.6744269,0.8211081
370,data\kanade\cohn-kanade-images\S127\010\S127_010_00000018.png,1.0,210,121,427,411,0.32855108,0.24869537,0.66808987,0.83911276
371,data\kanade\cohn-kanade-images\S127\010\S127_010_00000001.png,0.0,210,121,427,411,0.32855108,0.24869537,0.66808987,0.83911276
372,data\kanade\cohn-kanade-images\S128\004\S128_004_00000013.png,3.0,168,116,377,393,0.26271603,0.23866811,0.58953524,0.80253184
373,data\kanade\cohn-kanade-images\S128\011\S128_011_00000016.png,5.0,164,108,381,390,0.25759578,0.22203377,0.59655625,0.79593956
374,data\kanade\cohn-kanade-images\S128\011\S128_011_00000001.png,0.0,164,108,381,390,0.25759578,0.22203377,0.59655625,0.79593956
375,data\kanade\cohn-kanade-images\S129\002\S129_002_00000011.png,7.0,179,89,402,374,0.27972853,0.18591714,0.628186,0.7797668
376,data\kanade\cohn-kanade-images\S129\006\S129_006_00000010.png,1.0,183,102,402,397,0.2872277,0.20966232,0.62929463,0.8118142
377,data\kanade\cohn-kanade-images\S129\006\S129_006_00000001.png,0.0,183,102,402,397,0.2872277,0.20966232,0.62929463,0.8118142
378,data\kanade\cohn-kanade-images\S129\011\S129_011_00000018.png,3.0,183,107,403,396,0.28638172,0.22033337,0.6312239,0.80847704
379,data\kanade\cohn-kanade-images\S129\012\S129_012_00000011.png,5.0,182,103,403,386,0.2845304,0.21179083,0.6308359,0.78976643
380,data\kanade\cohn-kanade-images\S130\001\S130_001_00000018.png,7.0,174,106,401,436,0.27312052,0.21748075,0.62740034,0.89166534
381,data\kanade\cohn-kanade-images\S130\007\S130_007_00000020.png,1.0,173,106,400,402,0.27080223,0.21663806,0.62591445,0.8224286
382,data\kanade\cohn-kanade-images\S130\009\S130_009_00000019.png,6.0,176,108,400,402,0.27590197,0.22093344,0.6252831,0.8218243
383,data\kanade\cohn-kanade-images\S130\009\S130_009_00000001.png,0.0,176,108,400,402,0.27590197,0.22093344,0.6252831,0.8218243
384,data\kanade\cohn-kanade-images\S130\012\S130_012_00000011.png,3.0,174,105,399,403,0.2719019,0.21628833,0.6248916,0.8224641
385,data\kanade\cohn-kanade-images\S130\013\S130_013_00000015.png,5.0,171,94,400,400,0.26794475,0.19262889,0.62567407,0.81806767
386,data\kanade\cohn-kanade-images\S130\013\S130_013_00000001.png,0.0,171,94,400,400,0.26794475,0.19262889,0.62567407,0.81806767
387,data\kanade\cohn-kanade-images\S131\001\S131_001_00000016.png,7.0,207,66,431,406,0.32441413,0.1362344,0.6743971,0.82907677
388,data\kanade\cohn-kanade-images\S131\003\S131_003_00000024.png,6.0,211,85,435,384,0.33056653,0.17499003,0.67981446,0.78537595
389,data\kanade\cohn-kanade-images\S131\006\S131_006_00000022.png,5.0,207,79,432,371,0.32487494,0.16288331,0.67597824,0.7576412
390,data\kanade\cohn-kanade-images\S131\006\S131_006_00000001.png,0.0,207,79,432,371,0.32487494,0.16288331,0.67597824,0.7576412
391,data\kanade\cohn-kanade-images\S131\010\S131_010_00000018.png,3.0,213,84,431,370,0.33315298,0.17217499,0.6743995,0.7563649
392,data\kanade\cohn-kanade-images\S132\002\S132_002_00000018.png,6.0,206,95,421,366,0.32215023,0.19479287,0.6592416,0.7480753
393,data\kanade\cohn-kanade-images\S132\002\S132_002_00000001.png,0.0,206,95,421,366,0.32215023,0.19479287,0.6592416,0.7480753
394,data\kanade\cohn-kanade-images\S132\003\S132_003_00000023.png,4.0,204,101,422,367,0.3199436,0.2066381,0.65981495,0.75043726
395,data\kanade\cohn-kanade-images\S132\005\S132_005_00000016.png,3.0,203,94,419,364,0.31728935,0.19344082,0.6557949,0.74306
396,data\kanade\cohn-kanade-images\S132\006\S132_006_00000023.png,5.0,202,92,419,376,0.316657,0.18937302,0.6559387,0.76795065
397,data\kanade\cohn-kanade-images\S132\008\S132_008_00000010.png,7.0,203,94,418,392,0.31803828,0.19277626,0.65313286,0.8015529
398,data\kanade\cohn-kanade-images\S133\003\S133_003_00000047.png,1.0,204,141,413,396,0.31914347,0.28898102,0.6468639,0.80841714
399,data\kanade\cohn-kanade-images\S133\003\S133_003_00000001.png,0.0,204,141,413,396,0.31914347,0.28898102,0.6468639,0.80841714
400,data\kanade\cohn-kanade-images\S133\009\S133_009_00000006.png,7.0,204,133,411,407,0.3189149,0.2733386,0.64329195,0.8320286
401,data\kanade\cohn-kanade-images\S133\010\S133_010_00000014.png,5.0,202,136,415,391,0.31635052,0.2786961,0.6487547,0.79940915
402,data\kanade\cohn-kanade-images\S134\003\S134_003_00000011.png,1.0,206,81,426,356,0.32195097,0.16546118,0.66610765,0.72717
403,data\kanade\cohn-kanade-images\S134\003\S134_003_00000001.png,0.0,206,81,426,356,0.32195097,0.16546118,0.66610765,0.72717
404,data\kanade\cohn-kanade-images\S134\004\S134_004_00000015.png,5.0,202,83,427,358,0.31698555,0.17015451,0.6675598,0.7310979
405,data\kanade\cohn-kanade-images\S134\008\S134_008_00000013.png,3.0,201,92,424,375,0.31446075,0.18798953,0.664057,0.7662163
406,data\kanade\cohn-kanade-images\S134\008\S134_008_00000001.png,0.0,201,92,424,375,0.31446075,0.18798953,0.664057,0.7662163
407,data\kanade\cohn-kanade-images\S135\001\S135_001_00000039.png,7.0,184,89,391,433,0.28797257,0.1824865,0.6114756,0.88554037
408,data\kanade\cohn-kanade-images\S135\001\S135_001_00000001.png,0.0,184,89,391,433,0.28797257,0.1824865,0.6114756,0.88554037
409,data\kanade\cohn-kanade-images\S135\012\S135_012_00000020.png,5.0,184,99,394,399,0.2889834,0.20388249,0.61684936,0.81497896
410,data\kanade\cohn-kanade-images\S136\001\S136_001_00000019.png,7.0,208,84,428,383,0.325337,0.17190173,0.6688579,0.7824348
411,data\kanade\cohn-kanade-images\S136\003\S136_003_00000014.png,6.0,212,70,432,337,0.3327663,0.14323345,0.676103,0.6887326
412,data\kanade\cohn-kanade-images\S136\003\S136_003_00000001.png,0.0,212,70,432,337,0.3327663,0.14323345,0.676103,0.6887326
413,data\kanade\cohn-kanade-images\S136\005\S136_005_00000010.png,1.0,211,73,434,331,0.33012658,0.14957738,0.67948705,0.67670786
414,data\kanade\cohn-kanade-images\S136\006\S136_006_00000020.png,5.0,207,83,433,337,0.3242432,0.17052078,0.6780579,0.68908817
415,data\kanade\cohn-kanade-images\S136\006\S136_006_00000001.png,0.0,207,83,433,337,0.3242432,0.17052078,0.6780579,0.68908817
416,data\kanade\cohn-kanade-images\S137\001\S137_001_00000014.png,7.0,177,92,415,432,0.27775252,0.1881775,0.6499974,0.8825891
417,data\kanade\cohn-kanade-images\S137\001\S137_001_00000001.png,0.0,177,92,415,432,0.27775252,0.1881775,0.6499974,0.8825891
418,data\kanade\cohn-kanade-images\S137\005\S137_005_00000027.png,6.0,173,89,421,409,0.27085862,0.18184942,0.6580545,0.8362104
419,data\kanade\cohn-kanade-images\S137\005\S137_005_00000001.png,0.0,173,89,421,409,0.27085862,0.18184942,0.6580545,0.8362104
420,data\kanade\cohn-kanade-images\S137\011\S137_011_00000020.png,5.0,170,94,419,409,0.2661798,0.19278237,0.6554666,0.8364924
421,data\kanade\cohn-kanade-images\S138\001\S138_001_00000012.png,4.0,197,75,413,359,0.30860913,0.15314788,0.64679515,0.733291
422,data\kanade\cohn-kanade-images\S138\001\S138_001_00000001.png,0.0,197,75,413,359,0.30860913,0.15314788,0.64679515,0.733291
423,data\kanade\cohn-kanade-images\S138\004\S138_004_00000013.png,7.0,199,63,417,410,0.31120422,0.12967613,0.6516954,0.83821046
424,data\kanade\cohn-kanade-images\S138\004\S138_004_00000001.png,0.0,199,63,417,410,0.31120422,0.12967613,0.6516954,0.83821046
425,data\kanade\cohn-kanade-images\S138\005\S138_005_00000016.png,5.0,197,73,417,363,0.30929154,0.15100572,0.65273106,0.7427349
426,data\kanade\cohn-kanade-images\S138\007\S138_007_00000011.png,6.0,199,80,416,369,0.31111813,0.16455996,0.65000796,0.7537796
427,data\kanade\cohn-kanade-images\S138\007\S138_007_00000001.png,0.0,199,80,416,369,0.31111813,0.16455996,0.65000796,0.7537796
428,data\kanade\cohn-kanade-images\S138\008\S138_008_00000009.png,2.0,199,73,420,363,0.31228247,0.15030119,0.6573404,0.7415261
429,data\kanade\cohn-kanade-images\S147\002\S147_002_00000013.png,2.0,201,96,429,396,0.3150116,0.20016852,0.6711216,0.8250352
430,data\kanade\cohn-kanade-images\S148\002\S148_002_00000015.png,2.0,151,62,378,350,0.2372333,0.1299743,0.5915721,0.7312336
431,data\kanade\cohn-kanade-images\S149\002\S149_002_00000013.png,2.0,197,65,440,381,0.3078655,0.13585088,0.6878452,0.7950218
432,data\kanade\cohn-kanade-images\S151\002\S151_002_00000029.png,2.0,130,83,362,386,0.20452456,0.17294726,0.5671208,0.80464995
433,data\kanade\cohn-kanade-images\S154\002\S154_002_00000013.png,2.0,164,54,400,365,0.25728965,0.11432397,0.62581885,0.7607245
434,data\kanade\cohn-kanade-images\S154\002\S154_002_00000001.png,0.0,164,54,400,365,0.25728965,0.11432397,0.62581885,0.7607245
435,data\kanade\cohn-kanade-images\S155\002\S155_002_00000012.png,2.0,149,104,366,385,0.23335308,0.21676484,0.5726237,0.8038249
436,data\kanade\cohn-kanade-images\S155\002\S155_002_00000001.png,0.0,149,104,366,385,0.23335308,0.21676484,0.5726237,0.8038249
437,data\kanade\cohn-kanade-images\S156\002\S156_002_00000021.png,2.0,193,87,417,370,0.30230367,0.18286037,0.65206045,0.77163905
438,data\kanade\cohn-kanade-images\S157\002\S157_002_00000011.png,2.0,192,78,411,372,0.3004325,0.16361529,0.64365053,0.7766797
439,data\kanade\cohn-kanade-images\S158\002\S158_002_00000011.png,2.0,142,61,390,362,0.2221456,0.12722245,0.61070716,0.7550955
440,data\kanade\cohn-kanade-images\S158\002\S158_002_00000001.png,0.0,142,61,390,362,0.2221456,0.12722245,0.61070716,0.7550955
441,data\kanade\cohn-kanade-images\S160\006\S160_006_00000010.png,2.0,174,72,397,365,0.27273026,0.1519143,0.62082183,0.7618518
442,data\kanade\cohn-kanade-images\S160\006\S160_006_00000001.png,0.0,174,72,397,365,0.27273026,0.1519143,0.62082183,0.7618518
443,data\kanade\cohn-kanade-images\S501\001\S501_001_00000067.png,1.0,250,101,533,441,0.34747267,0.21114874,0.74124324,0.9189321
444,data\kanade\cohn-kanade-images\S501\001\S501_001_00000001.png,0.0,250,101,533,441,0.34747267,0.21114874,0.74124324,0.9189321
445,data\kanade\cohn-kanade-images\S501\004\S501_004_00000056.png,4.0,234,84,519,427,0.32627892,0.1757282,0.72178984,0.8916166
446,data\kanade\cohn-kanade-images\S501\006\S501_006_00000041.png,6.0,234,100,521,431,0.32583266,0.20954692,0.72410935,0.8999324
447,data\kanade\cohn-kanade-images\S501\006\S501_006_00000001.png,0.0,234,100,521,431,0.32583266,0.20954692,0.72410935,0.8999324
448,data\kanade\cohn-kanade-images\S502\001\S502_001_00000016.png,1.0,205,92,511,455,0.28484195,0.19261518,0.71100944,0.94960773
449,data\kanade\cohn-kanade-images\S502\001\S502_001_00000001.png,0.0,205,92,511,455,0.28484195,0.19261518,0.71100944,0.94960773
450,data\kanade\cohn-kanade-images\S502\002\S502_002_00000009.png,2.0,197,84,504,447,0.27454317,0.17615083,0.70006174,0.9313489
451,data\kanade\cohn-kanade-images\S502\002\S502_002_00000001.png,0.0,197,84,504,447,0.27454317,0.17615083,0.70006174,0.9313489
452,data\kanade\cohn-kanade-images\S502\004\S502_004_00000052.png,4.0,196,69,495,441,0.27307636,0.14462197,0.6878424,0.9195354
453,data\kanade\cohn-kanade-images\S503\001\S503_001_00000071.png,1.0,185,89,466,425,0.25739378,0.18541825,0.6482706,0.88663447
454,data\kanade\cohn-kanade-images\S503\002\S503_002_00000008.png,2.0,208,96,492,419,0.2898212,0.20149091,0.6836658,0.8746623
455,data\kanade\cohn-kanade-images\S504\001\S504_001_00000022.png,1.0,189,82,472,443,0.26300716,0.17229262,0.65587014,0.9230195
456,data\kanade\cohn-kanade-images\S504\004\S504_004_00000015.png,4.0,188,75,463,464,0.26247296,0.15705398,0.6439309,0.9684855
457,data\kanade\cohn-kanade-images\S504\004\S504_004_00000001.png,0.0,188,75,463,464,0.26247296,0.15705398,0.6439309,0.9684855
458,data\kanade\cohn-kanade-images\S504\006\S504_006_00000018.png,6.0,188,77,467,451,0.26128983,0.16234306,0.6491955,0.9405595
459,data\kanade\cohn-kanade-images\S505\002\S505_002_00000021.png,2.0,140,64,460,440,0.19576964,0.1334469,0.6394987,0.9177586
460,data\kanade\cohn-kanade-images\S505\002\S505_002_00000001.png,0.0,140,64,460,440,0.19576964,0.1334469,0.6394987,0.9177586
461,data\kanade\cohn-kanade-images\S505\006\S505_006_00000019.png,6.0,140,72,462,441,0.19470471,0.15058118,0.6418124,0.91994506
462,data\kanade\cohn-kanade-images\S506\001\S506_001_00000040.png,1.0,192,100,471,439,0.2677598,0.20935452,0.6545303,0.91538167
463,data\kanade\cohn-kanade-images\S506\004\S506_004_00000038.png,4.0,189,81,460,401,0.26318532,0.16940787,0.63967586,0.8358538
464,data\kanade\cohn-kanade-images\S506\006\S506_006_00000042.png,6.0,197,77,467,418,0.2742204,0.16203144,0.6492277,0.8716153
465,data\kanade\cohn-kanade-images\S506\006\S506_006_00000001.png,0.0,197,77,467,418,0.2742204,0.16203144,0.6492277,0.8716153
466,data\kanade\cohn-kanade-images\S895\002\S895_002_00000007.png,2.0,178,64,402,361,0.27942514,0.13407278,0.62952846,0.7521877
467,data\kanade\cohn-kanade-images\S999\001\S999_001_00000018.png,1.0,123,90,388,438,0.19295229,0.18796712,0.6063485,0.9142507
468,data\kanade\cohn-kanade-images\S999\003\S999_003_00000055.png,4.0,116,80,378,427,0.18150982,0.16768518,0.5908512,0.8908595
469,data\kanade\cohn-kanade-images\S999\003\S999_003_00000001.png,0.0,116,80,378,427,0.18150982,0.16768518,0.5908512,0.8908595
470,data\jaffe\KA.AN1.39.tiff,1.0,65,60,191,229,0.25691086,0.23581582,0.74693424,0.8960653
471,data\jaffe\KA.AN2.40.tiff,1.0,58,60,188,232,0.22708598,0.23586681,0.7351737,0.9083799
472,data\jaffe\KA.AN3.41.tiff,1.0,59,61,189,236,0.23271546,0.23912859,0.7391962,0.923226
473,data\jaffe\KA.DI1.42.tiff,3.0,60,61,188,236,0.23671359,0.2384884,0.73820513,0.92417324
474,data\jaffe\KA.DI2.43.tiff,3.0,58,60,189,238,0.22671798,0.23608908,0.7388058,0.9325466
475,data\jaffe\KA.DI3.44.tiff,3.0,53,58,189,240,0.2102992,0.22988924,0.7407827,0.94013953
476,data\jaffe\KA.FE1.45.tiff,4.0,60,59,189,243,0.2366513,0.23353732,0.7419934,0.95034695
477,data\jaffe\KA.FE2.46.tiff,4.0,57,60,188,242,0.2249293,0.23508152,0.7357191,0.9486822
478,data\jaffe\KA.FE3.47.tiff,4.0,62,59,188,241,0.24292876,0.2337023,0.73778397,0.94212174
479,data\jaffe\KA.FE4.48.tiff,4.0,65,61,192,240,0.25689036,0.23900613,0.7536623,0.9393158
480,data\jaffe\KA.HA1.29.tiff,5.0,68,57,193,238,0.26682192,0.22293061,0.7570463,0.93029183
481,data\jaffe\KA.HA2.30.tiff,5.0,64,56,191,240,0.25131455,0.22059795,0.7499275,0.9397044
482,data\jaffe\KA.HA3.31.tiff,5.0,64,56,193,242,0.2520199,0.22246435,0.7563627,0.9458673
483,data\jaffe\KA.HA4.32.tiff,5.0,66,58,192,236,0.25812036,0.22943115,0.7529442,0.9251684
484,data\jaffe\KA.NE1.26.tiff,0.0,66,53,195,233,0.2593121,0.208864,0.76207775,0.9119929
485,data\jaffe\KA.NE2.27.tiff,0.0,66,54,194,233,0.2584186,0.21305928,0.76136696,0.9112276
486,data\jaffe\KA.NE3.28.tiff,0.0,66,55,194,232,0.260936,0.21828392,0.7581438,0.9073875
487,data\jaffe\KA.SA1.33.tiff,6.0,64,54,192,232,0.25309974,0.21173424,0.75201446,0.9071284
488,data\jaffe\KA.SA2.34.tiff,6.0,63,56,192,234,0.24928078,0.21946755,0.7502991,0.9143704
489,data\jaffe\KA.SA3.35.tiff,6.0,64,56,193,234,0.25256482,0.22005644,0.75631285,0.9154209
490,data\jaffe\KA.SU1.36.tiff,7.0,62,56,191,239,0.24532256,0.22252178,0.74623215,0.9339398
491,data\jaffe\KA.SU2.37.tiff,7.0,67,60,189,236,0.2656179,0.2356427,0.7401667,0.92500365
492,data\jaffe\KA.SU3.38.tiff,7.0,65,60,188,244,0.25596416,0.23499101,0.7374734,0.95324236
493,data\jaffe\KL.AN1.167.tiff,1.0,65,54,189,219,0.25667334,0.21245247,0.74183434,0.85791224
494,data\jaffe\KL.AN2.168.tiff,1.0,65,54,189,217,0.2572145,0.21316743,0.7385853,0.8503207
495,data\jaffe\KL.AN3.169.tiff,1.0,66,57,187,218,0.2605278,0.22305381,0.7330716,0.85532844
496,data\jaffe\KL.DI1.170.tiff,3.0,68,56,191,220,0.26571935,0.22019148,0.746391,0.8597543
497,data\jaffe\KL.DI2.171.tiff,3.0,66,55,191,220,0.2600515,0.2185958,0.7468071,0.86312896
498,data\jaffe\KL.DI3.172.tiff,3.0,68,55,192,220,0.26852867,0.21515289,0.7523452,0.8621267
499,data\jaffe\KL.DI4.173.tiff,3.0,66,55,192,223,0.26105326,0.21867833,0.7526848,0.8712139
500,data\jaffe\KL.FE1.174.tiff,4.0,65,56,189,226,0.25772423,0.2218818,0.73833394,0.88496
501,data\jaffe\KL.FE2.175.tiff,4.0,67,56,189,221,0.26546085,0.22121182,0.740854,0.865428
502,data\jaffe\KL.FE3.176.tiff,4.0,66,56,191,224,0.25907177,0.22040465,0.74870044,0.8786738
503,data\jaffe\KL.HA1.158.tiff,5.0,68,57,192,220,0.26949495,0.22631982,0.7505825,0.8625803
504,data\jaffe\KL.HA2.159.tiff,5.0,68,56,193,224,0.2668863,0.22099671,0.75670236,0.87828434
505,data\jaffe\KL.HA3.160.tiff,5.0,68,57,193,223,0.26769382,0.22624522,0.75622755,0.871262
506,data\jaffe\KL.NE1.155.tiff,0.0,68,57,190,223,0.26770604,0.22584933,0.74413395,0.8742592
507,data\jaffe\KL.NE2.156.tiff,0.0,68,58,189,222,0.26821142,0.22695091,0.7402751,0.86846507
508,data\jaffe\KL.NE3.157.tiff,0.0,69,58,190,223,0.26966482,0.22834727,0.74231416,0.87117636
509,data\jaffe\KL.SA1.161.tiff,6.0,68,56,191,220,0.26699036,0.22177887,0.7466745,0.8616847
510,data\jaffe\KL.SA2.162.tiff,6.0,69,57,189,217,0.26984543,0.22366345,0.7387604,0.850356
511,data\jaffe\KL.SA3.163.tiff,6.0,67,55,192,222,0.26365283,0.21690533,0.75077605,0.86896455
512,data\jaffe\KL.SU1.164.tiff,7.0,66,59,189,234,0.26128954,0.23052269,0.74058145,0.9179136
513,data\jaffe\KL.SU2.165.tiff,7.0,67,59,192,241,0.26560384,0.23257744,0.7503672,0.9443464
514,data\jaffe\KL.SU3.166.tiff,7.0,67,58,191,238,0.26196784,0.22985902,0.74706906,0.932441
515,data\jaffe\KM.AN1.17.tiff,1.0,65,58,194,230,0.25589427,0.22728619,0.7612847,0.9015838
516,data\jaffe\KM.AN2.18.tiff,1.0,66,58,192,229,0.260382,0.22754598,0.75247043,0.89491904
517,data\jaffe\KM.AN3.19.tiff,1.0,66,59,192,229,0.258758,0.23096982,0.7520874,0.8963113
518,data\jaffe\KM.DI1.20.tiff,3.0,68,61,196,237,0.26664865,0.24109676,0.76808596,0.9261333
519,data\jaffe\KM.DI3.22.tiff,3.0,67,63,193,236,0.2650339,0.24803486,0.7571402,0.92516243
520,data\jaffe\KM.FE1.23.tiff,4.0,68,60,195,236,0.26708785,0.23757854,0.76396894,0.9253627
521,data\jaffe\KM.FE2.24.tiff,4.0,68,61,195,237,0.26685566,0.23969394,0.7642177,0.9286966
522,data\jaffe\KM.FE3.25.tiff,4.0,68,60,195,237,0.26705092,0.2365013,0.764756,0.9291675
523,data\jaffe\KM.HA1.4.tiff,5.0,65,61,195,234,0.25573137,0.23987368,0.762447,0.91696954
524,data\jaffe\KM.HA2.5.tiff,5.0,67,59,196,233,0.26248202,0.23262686,0.76749325,0.9139692
525,data\jaffe\KM.HA3.6.tiff,5.0,64,60,194,236,0.25211078,0.23657233,0.7608282,0.92248076
526,data\jaffe\KM.HA4.7.tiff,5.0,64,60,196,240,0.25319797,0.23728117,0.76858073,0.93838775
527,data\jaffe\KM.NE1.1.tiff,0.0,66,59,192,231,0.25903168,0.2310785,0.7525519,0.9058819
528,data\jaffe\KM.NE2.2.tiff,0.0,68,58,194,230,0.26578048,0.22802359,0.75788856,0.9014109
529,data\jaffe\KM.NE3.3.tiff,0.0,65,57,192,231,0.25776643,0.22295326,0.7519693,0.9037407
530,data\jaffe\KM.SA1.9.tiff,6.0,65,57,195,233,0.25693172,0.22518444,0.7630814,0.9107944
531,data\jaffe\KM.SA2.10.tiff,6.0,67,58,194,229,0.26200545,0.22966003,0.7612504,0.8974283
532,data\jaffe\KM.SA3.11.tiff,6.0,66,58,195,228,0.25814223,0.22794452,0.7625904,0.8938855
533,data\jaffe\KM.SA5.13.tiff,6.0,66,57,196,233,0.2602103,0.22576103,0.76614976,0.9104866
534,data\jaffe\KM.SU1.14.tiff,7.0,66,63,192,251,0.2587824,0.24693495,0.75153005,0.98370284
535,data\jaffe\KM.SU2.15.tiff,7.0,66,62,192,253,0.25920978,0.24317563,0.75343645,0.9898318
536,data\jaffe\KM.SU3.16.tiff,7.0,66,65,191,253,0.25880668,0.25650054,0.74744296,0.99075896
537,data\jaffe\KR.AN1.83.tiff,1.0,64,59,191,239,0.25137588,0.2330608,0.7473674,0.93692017
538,data\jaffe\KR.AN2.84.tiff,1.0,65,60,191,239,0.2553035,0.23654091,0.74948955,0.9360657
539,data\jaffe\KR.AN3.85.tiff,1.0,66,58,193,237,0.26103425,0.22939342,0.7544935,0.9289833
540,data\jaffe\KR.DI1.86.tiff,3.0,66,57,192,242,0.25913876,0.22583038,0.752544,0.9478095
541,data\jaffe\KR.DI2.87.tiff,3.0,65,58,192,241,0.25531006,0.22768342,0.7523798,0.9445318
542,data\jaffe\KR.DI3.88.tiff,3.0,65,58,193,241,0.25615278,0.22687683,0.7549052,0.9425776
543,data\jaffe\KR.FE1.89.tiff,4.0,66,60,190,243,0.25816673,0.23710674,0.7437336,0.95095056
544,data\jaffe\KR.FE2.90.tiff,4.0,66,60,189,242,0.2602015,0.23611099,0.7416087,0.9476153
545,data\jaffe\KR.FE3.91.tiff,4.0,64,57,193,248,0.25199047,0.22614732,0.75514567,0.97083735
546,data\jaffe\KR.HA1.74.tiff,5.0,68,60,191,234,0.26630908,0.23561665,0.7465674,0.9168544
547,data\jaffe\KR.HA2.75.tiff,5.0,66,61,190,240,0.26089358,0.23910174,0.7452781,0.93810046
548,data\jaffe\KR.NE1.71.tiff,0.0,66,61,192,237,0.2602021,0.23866153,0.751,0.9272957
549,data\jaffe\KR.NE2.72.tiff,0.0,67,60,193,237,0.26270962,0.2369586,0.75599563,0.9289402
550,data\jaffe\KR.NE3.73.tiff,0.0,67,58,193,238,0.26202023,0.23033786,0.7539202,0.93145084
551,data\jaffe\KR.SA1.77.tiff,6.0,65,57,191,239,0.25730687,0.22297004,0.74980265,0.9370158
552,data\jaffe\KR.SA2.78.tiff,6.0,68,58,194,238,0.2675526,0.22783464,0.75801027,0.93263215
553,data\jaffe\KR.SA3.79.tiff,6.0,68,60,191,235,0.2680431,0.2362746,0.74743325,0.91864204
554,data\jaffe\KR.SU1.80.tiff,7.0,67,59,191,242,0.26472437,0.23055619,0.74658597,0.946654
555,data\jaffe\KR.SU2.81.tiff,7.0,69,60,192,242,0.26990595,0.23553926,0.7500144,0.94911057
556,data\jaffe\KR.SU3.82.tiff,7.0,67,59,192,244,0.2651116,0.23381683,0.7504928,0.9568516
557,data\jaffe\MK.AN1.125.tiff,1.0,66,55,191,228,0.26056027,0.21840191,0.74779785,0.89269996
558,data\jaffe\MK.AN2.126.tiff,1.0,66,54,190,225,0.25850958,0.21247682,0.745025,0.87931347
559,data\jaffe\MK.AN3.127.tiff,1.0,65,53,191,228,0.25497064,0.20980719,0.74765813,0.8924551
560,data\jaffe\MK.DI1.128.tiff,3.0,58,53,188,236,0.22820762,0.20980611,0.73715436,0.9226403
561,data\jaffe\MK.DI2.129.tiff,3.0,55,51,187,238,0.21626303,0.2025592,0.73276997,0.93151855
562,data\jaffe\MK.DI3.130.tiff,3.0,54,52,185,237,0.21268854,0.2047658,0.7229595,0.92771375
563,data\jaffe\MK.FE1.131.tiff,4.0,69,57,190,234,0.27332228,0.22412887,0.744376,0.9177289
564,data\jaffe\MK.FE2.132.tiff,4.0,70,56,192,236,0.2754108,0.22134352,0.7502526,0.92366767
565,data\jaffe\MK.FE3.133.tiff,4.0,71,53,200,237,0.28023773,0.2099863,0.7820142,0.9278959
566,data\jaffe\MK.HA1.116.tiff,5.0,67,58,191,231,0.26230285,0.22829369,0.74998546,0.9042319
567,data\jaffe\MK.HA2.117.tiff,5.0,67,57,190,227,0.2656173,0.22472522,0.74379236,0.8890164
568,data\jaffe\MK.HA3.118.tiff,5.0,63,54,195,238,0.24834594,0.21199408,0.76202786,0.9321259
569,data\jaffe\MK.NE1.113.tiff,0.0,63,55,193,238,0.24965486,0.21741277,0.7543924,0.93288547
570,data\jaffe\MK.NE2.114.tiff,0.0,63,54,192,237,0.2468802,0.2117976,0.75312686,0.92919445
571,data\jaffe\MK.NE3.115.tiff,0.0,66,54,192,232,0.2589904,0.21360242,0.75003326,0.9099562
572,data\jaffe\MK.SA1.119.tiff,6.0,65,52,193,236,0.25440255,0.20478106,0.75555503,0.9234247
573,data\jaffe\MK.SA2.120.tiff,6.0,66,54,191,232,0.25807685,0.21218994,0.7483409,0.9071089
574,data\jaffe\MK.SA3.121.tiff,6.0,65,53,191,230,0.25589806,0.2087461,0.7495267,0.90110624
575,data\jaffe\MK.SU1.122.tiff,7.0,63,57,195,255,0.24830619,0.22497106,0.7627679,0.99834406
576,data\jaffe\MK.SU2.123.tiff,7.0,64,55,192,253,0.2512697,0.21808136,0.75064576,0.98883307
577,data\jaffe\MK.SU3.124.tiff,7.0,62,56,191,252,0.2442691,0.21898505,0.7493651,0.9850389
578,data\jaffe\NA.AN1.211.tiff,1.0,73,56,193,220,0.28627813,0.22178328,0.75638485,0.86151886
579,data\jaffe\NA.AN2.212.tiff,1.0,70,55,193,221,0.27526164,0.21530434,0.7561047,0.86629915
580,data\jaffe\NA.AN3.213.tiff,1.0,71,56,192,221,0.2786197,0.22133747,0.7526236,0.8658843
581,data\jaffe\NA.DI1.214.tiff,3.0,72,56,200,228,0.28158042,0.21883261,0.7822623,0.89228487
582,data\jaffe\NA.DI2.215.tiff,3.0,63,57,190,230,0.2490694,0.22559941,0.74520576,0.9017049
583,data\jaffe\NA.DI3.216.tiff,3.0,66,56,191,229,0.26026633,0.22158334,0.74611473,0.89516985
584,data\jaffe\NA.FE1.217.tiff,4.0,70,60,192,228,0.2766103,0.23589996,0.75112146,0.8908572
585,data\jaffe\NA.FE2.218.tiff,4.0,68,58,192,228,0.26798654,0.2295925,0.7518542,0.8941856
586,data\jaffe\NA.FE3.219.tiff,4.0,68,58,192,231,0.2685868,0.22959045,0.75347894,0.9025706
587,data\jaffe\NA.HA1.202.tiff,5.0,70,58,193,231,0.27529186,0.22811204,0.7560888,0.9045271
588,data\jaffe\NA.HA2.203.tiff,5.0,71,62,191,229,0.27763438,0.24261808,0.7495502,0.89586306
589,data\jaffe\NA.HA3.204.tiff,5.0,71,59,193,231,0.27781945,0.23399577,0.75516194,0.9046452
590,data\jaffe\NA.NE1.199.tiff,0.0,72,62,189,224,0.2830239,0.24450496,0.741285,0.87551236
591,data\jaffe\NA.NE2.200.tiff,0.0,72,61,189,223,0.2816875,0.23847461,0.7393074,0.8745214
592,data\jaffe\NA.NE3.201.tiff,0.0,70,59,190,227,0.27457792,0.23418388,0.74568886,0.8873106
593,data\jaffe\NA.SA1.205.tiff,6.0,70,55,195,228,0.2751491,0.21775377,0.7646054,0.89449
594,data\jaffe\NA.SA2.206.tiff,6.0,71,59,192,225,0.2795943,0.2328721,0.7515764,0.8801873
595,data\jaffe\NA.SA3.207.tiff,6.0,70,58,194,229,0.2746422,0.22895974,0.7590724,0.8973997
596,data\jaffe\NA.SU1.208.tiff,7.0,67,57,192,233,0.26453602,0.22276613,0.75221753,0.91261125
597,data\jaffe\NA.SU2.209.tiff,7.0,68,57,193,236,0.2666256,0.2251364,0.7562783,0.92334974
598,data\jaffe\NA.SU3.210.tiff,7.0,69,58,195,232,0.2708082,0.22878337,0.7637235,0.90840614
599,data\jaffe\NM.AN1.104.tiff,1.0,61,54,192,244,0.23913643,0.21293005,0.7536981,0.9531436
600,data\jaffe\NM.AN2.105.tiff,1.0,63,54,196,244,0.24997127,0.21438953,0.7663754,0.9541632
601,data\jaffe\NM.AN3.106.tiff,1.0,62,53,195,242,0.24494377,0.21052483,0.7626096,0.9473599
602,data\jaffe\NM.DI1.107.tiff,3.0,49,51,191,245,0.19284397,0.20093957,0.74643296,0.96032083
603,data\jaffe\NM.DI3.109.tiff,3.0,43,49,185,245,0.16829911,0.19508922,0.7242724,0.9582852
604,data\jaffe\NM.FE1.110.tiff,4.0,64,60,195,247,0.2522038,0.23530367,0.7654605,0.968724
605,data\jaffe\NM.FE2.111.tiff,4.0,61,57,198,249,0.2384251,0.2263751,0.77521217,0.9762689
606,data\jaffe\NM.FE3.112.tiff,4.0,63,62,192,247,0.24726456,0.24429166,0.752721,0.9665756
607,data\jaffe\NM.HA1.95.tiff,5.0,63,57,198,247,0.24834585,0.22608054,0.77392113,0.96673536
608,data\jaffe\NM.HA2.96.tiff,5.0,63,59,195,245,0.24769881,0.23255432,0.7642565,0.95711637
609,data\jaffe\NM.HA3.97.tiff,5.0,68,59,197,244,0.2657816,0.23433986,0.77095306,0.95655584
610,data\jaffe\NM.NE1.92.tiff,0.0,67,60,195,247,0.26209506,0.23437867,0.7625905,0.9655031
611,data\jaffe\NM.NE2.93.tiff,0.0,66,56,195,247,0.26169422,0.22243056,0.7645612,0.9652598
612,data\jaffe\NM.NE3.94.tiff,0.0,66,57,195,247,0.25814295,0.22372285,0.7652155,0.9651177
613,data\jaffe\NM.SA1.98.tiff,6.0,63,58,193,247,0.24863374,0.22926307,0.75447285,0.96504056
614,data\jaffe\NM.SA2.99.tiff,6.0,63,59,194,247,0.24946624,0.23251969,0.7610596,0.9664487
615,data\jaffe\NM.SA3.100.tiff,6.0,64,57,198,248,0.25247344,0.22534171,0.77620935,0.97099185
616,data\jaffe\NM.SU1.101.tiff,7.0,65,63,191,250,0.2556138,0.24977282,0.74838233,0.980023
617,data\jaffe\NM.SU2.102.tiff,7.0,64,63,191,251,0.25333667,0.24864337,0.74623615,0.9816437
618,data\jaffe\NM.SU3.103.tiff,7.0,67,61,192,251,0.2618044,0.2391034,0.7508604,0.98269475
619,data\jaffe\TM.AN1.190.tiff,1.0,67,51,194,228,0.26486534,0.20255291,0.75891024,0.8945234
620,data\jaffe\TM.AN2.191.tiff,1.0,67,50,194,228,0.26431847,0.19562912,0.75799274,0.89204955
621,data\jaffe\TM.AN3.192.tiff,1.0,69,52,193,227,0.27273017,0.20403084,0.7572282,0.88685167
622,data\jaffe\TM.DI1.193.tiff,3.0,73,53,202,229,0.28849113,0.20970082,0.7904537,0.89625657
623,data\jaffe\TM.DI2.194.tiff,3.0,69,53,196,233,0.27083504,0.21036676,0.7689589,0.9128809
624,data\jaffe\TM.DI3.195.tiff,3.0,70,52,197,231,0.2747773,0.20624599,0.7712866,0.90567327
625,data\jaffe\TM.FE1.196.tiff,4.0,64,56,187,234,0.25044677,0.22069281,0.73126614,0.91766685
626,data\jaffe\TM.FE2.197.tiff,4.0,63,55,187,236,0.24853143,0.2169162,0.7334888,0.92314076
627,data\jaffe\TM.FE3.198.tiff,4.0,65,58,186,231,0.25637978,0.22799116,0.7279063,0.90556043
628,data\jaffe\TM.HA1.180.tiff,5.0,66,56,190,229,0.2598527,0.22069532,0.7439546,0.8946237
629,data\jaffe\TM.HA2.181.tiff,5.0,66,54,193,233,0.2602383,0.21217802,0.75425065,0.911793
630,data\jaffe\TM.HA3.182.tiff,5.0,68,56,191,227,0.26594636,0.22205728,0.7468556,0.8871439
631,data\jaffe\TM.NE1.177.tiff,0.0,67,55,192,229,0.2627118,0.21818587,0.7521559,0.8972745
632,data\jaffe\TM.NE2.178.tiff,0.0,67,56,192,229,0.26549104,0.21921992,0.7510518,0.89568114
633,data\jaffe\TM.NE3.179.tiff,0.0,66,56,191,229,0.26124802,0.21954703,0.7476325,0.89592576
634,data\jaffe\TM.SA1.184.tiff,6.0,67,57,191,231,0.2632249,0.22280547,0.747958,0.9033737
635,data\jaffe\TM.SA2.185.tiff,6.0,69,57,191,228,0.2698264,0.22547016,0.74748886,0.8916912
636,data\jaffe\TM.SA3.186.tiff,6.0,69,56,192,228,0.26980442,0.2216773,0.75057346,0.8921963
637,data\jaffe\TM.SU1.187.tiff,7.0,71,59,193,233,0.27964318,0.23105317,0.7546332,0.9108817
638,data\jaffe\TM.SU2.188.tiff,7.0,72,58,192,231,0.28319472,0.2302559,0.75353557,0.9038909
639,data\jaffe\TM.SU3.189.tiff,7.0,71,58,196,235,0.2802183,0.22805122,0.7656637,0.91851115
640,data\jaffe\UY.AN1.146.tiff,1.0,62,52,189,226,0.24476713,0.20375782,0.74076736,0.88648254
641,data\jaffe\UY.AN2.147.tiff,1.0,60,53,189,227,0.23788923,0.2090671,0.738397,0.8883053
642,data\jaffe\UY.AN3.148.tiff,1.0,62,52,189,227,0.244197,0.20427498,0.74189186,0.88912535
643,data\jaffe\UY.DI1.149.tiff,3.0,62,52,188,229,0.24292274,0.20467597,0.737308,0.89678985
644,data\jaffe\UY.DI2.150.tiff,3.0,58,51,188,229,0.22775069,0.20073232,0.7374066,0.89713097
645,data\jaffe\UY.DI3.151.tiff,3.0,57,52,187,227,0.22460845,0.20355561,0.7317723,0.8871938
646,data\jaffe\UY.FE1.152.tiff,4.0,56,50,189,233,0.22011772,0.19573262,0.74060714,0.9124814
647,data\jaffe\UY.FE2.153.tiff,4.0,57,52,186,231,0.22506088,0.20386398,0.7297248,0.9029038
648,data\jaffe\UY.FE3.154.tiff,4.0,59,53,187,231,0.23401995,0.20797929,0.73367774,0.90407884
649,data\jaffe\UY.HA1.137.tiff,5.0,60,53,189,231,0.23498368,0.20704943,0.73987275,0.90570873
650,data\jaffe\UY.HA2.138.tiff,5.0,61,52,189,231,0.2387844,0.20687976,0.7409065,0.90456593
651,data\jaffe\UY.HA3.139.tiff,5.0,63,53,190,227,0.2479633,0.21056595,0.7436234,0.890303
652,data\jaffe\UY.NE1.134.tiff,0.0,64,54,188,230,0.25151402,0.21463752,0.7382812,0.9012383
653,data\jaffe\UY.NE2.135.tiff,0.0,62,56,189,229,0.2460727,0.21962503,0.73915607,0.89552104
654,data\jaffe\UY.NE3.136.tiff,0.0,59,52,188,230,0.23327357,0.2063916,0.73636883,0.89913833
655,data\jaffe\UY.SA1.140.tiff,6.0,59,51,193,233,0.23307166,0.19985038,0.75467193,0.9119701
656,data\jaffe\UY.SA2.141.tiff,6.0,61,53,191,229,0.23957083,0.20836776,0.7470809,0.8979127
657,data\jaffe\UY.SA3.142.tiff,6.0,62,51,192,230,0.24407351,0.20284969,0.7500153,0.90139467
658,data\jaffe\UY.SU1.143.tiff,7.0,63,54,190,234,0.2488384,0.21360093,0.7427138,0.915569
659,data\jaffe\UY.SU2.144.tiff,7.0,60,53,189,236,0.23730576,0.21037555,0.74120635,0.9244878
660,data\jaffe\UY.SU3.145.tiff,7.0,65,55,188,232,0.25511092,0.2159453,0.7364424,0.90649015
661,data\jaffe\YM.AN1.61.tiff,1.0,68,54,194,226,0.26831698,0.21190304,0.76053643,0.88379365
662,data\jaffe\YM.AN2.62.tiff,1.0,67,52,195,224,0.2650866,0.20590013,0.7643791,0.8765251
663,data\jaffe\YM.AN3.63.tiff,1.0,69,53,196,227,0.26986355,0.20804128,0.7676324,0.8871852
664,data\jaffe\YM.DI1.64.tiff,3.0,68,55,196,230,0.26898813,0.21535921,0.7659774,0.9005654
665,data\jaffe\YM.DI2.65.tiff,3.0,69,54,193,228,0.26969698,0.21376482,0.757355,0.89376664
666,data\jaffe\YM.DI3.66.tiff,3.0,69,55,194,229,0.27070987,0.21606505,0.7600566,0.89817667
667,data\jaffe\YM.FE1.67.tiff,4.0,68,56,194,231,0.2687353,0.2204392,0.760947,0.9027344
668,data\jaffe\YM.FE2.68.tiff,4.0,69,56,195,233,0.2696702,0.2221176,0.76424795,0.9131718
669,data\jaffe\YM.FE3.69.tiff,4.0,67,59,191,234,0.26427263,0.23337016,0.74807566,0.91767836
670,data\jaffe\YM.FE4.70.tiff,4.0,68,59,193,233,0.26735476,0.23167574,0.75390875,0.912135
671,data\jaffe\YM.HA1.52.tiff,5.0,69,54,194,225,0.2706395,0.21332559,0.7582867,0.8799288
672,data\jaffe\YM.HA2.53.tiff,5.0,66,53,194,231,0.26026118,0.21038082,0.7584088,0.90564215
673,data\jaffe\YM.HA3.54.tiff,5.0,68,55,194,228,0.26810297,0.21617731,0.76029253,0.8938732
674,data\jaffe\YM.NE1.49.tiff,0.0,66,51,196,232,0.25995645,0.19924694,0.7669301,0.909885
675,data\jaffe\YM.NE2.50.tiff,0.0,69,55,192,227,0.2695346,0.21644375,0.75116503,0.886829
676,data\jaffe\YM.NE3.51.tiff,0.0,69,53,194,228,0.2719487,0.20986849,0.7603177,0.89366716
677,data\jaffe\YM.SA1.55.tiff,6.0,68,54,194,231,0.2657526,0.21384662,0.75894564,0.9057482
678,data\jaffe\YM.SA2.56.tiff,6.0,65,54,194,232,0.2560245,0.21400368,0.7598438,0.90848863
679,data\jaffe\YM.SA3.57.tiff,6.0,66,55,194,234,0.26102918,0.2155779,0.7615103,0.9149756
680,data\jaffe\YM.SU1.58.tiff,7.0,65,53,193,248,0.25654158,0.21073115,0.7544013,0.9726032
681,data\jaffe\YM.SU2.59.tiff,7.0,67,55,194,238,0.26501605,0.21712834,0.760345,0.9324027
682,data\jaffe\YM.SU3.60.tiff,7.0,68,55,194,248,0.26705962,0.21769282,0.76094383,0.9706243
